datetime,ticker,value
2026-01-01 09:00:00,MARKET,50.62343753874302
2026-01-01 11:00:00,CL,40.32829377055168
2026-01-01 13:00:00,MARKET,53.88916730880737
2026-01-01 16:00:00,6A,54.056404024362564
2026-01-01 18:00:00,MARKET,46.956481505185366
2026-01-01 20:00:00,MARKET,49.297035448253155
2026-01-02 07:00:00,MARKET,49.84567294405265
2026-01-02 08:00:00,CL,51.42020193487406
2026-01-02 08:00:00,MARKET,49.90470746625215
2026-01-02 09:00:00,6E,51.84695346467197
2026-01-02 09:00:00,CL,38.79232843220234
2026-01-02 09:00:00,MARKET,50.708666796796024
2026-01-02 10:00:00,ES,51.86690178513527
2026-01-02 10:00:00,MARKET,50.917149986489676
2026-01-02 11:00:00,MARKET,50.40882122237235
2026-01-02 12:00:00,MARKET,50.007096976041794
2026-01-02 13:00:00,MARKET,50.62033117515966
2026-01-02 13:00:00,NQ,53.52975559234619
2026-01-02 14:00:00,ES,49.49325715750456
2026-01-02 14:00:00,MARKET,49.20098230242729
2026-01-02 14:00:00,NQ,49.49325715750456
2026-01-02 15:00:00,CL,50.20482009649277
2026-01-02 15:00:00,MARKET,50.16442314023152
2026-01-02 19:00:00,CL,38.53455051034689
2026-01-02 19:00:00,MARKET,50.7209066580981
2026-01-02 20:00:00,ES,49.809713408350945
2026-01-02 20:00:00,MARKET,48.867820403538644
2026-01-02 20:00:00,NQ,49.809713408350945
2026-01-02 21:00:00,ES,59.66143819689751
2026-01-02 21:00:00,MARKET,54.43822415545583
2026-01-03 06:00:00,MARKET,50.45901020988822
2026-01-03 07:00:00,MARKET,50.40386615986271
2026-01-03 08:00:00,MARKET,50.30137193078796
2026-01-03 09:00:00,MARKET,50.085078375414014
2026-01-03 11:00:00,MARKET,50.52884223870933
2026-01-03 15:00:00,MARKET,49.10420390544459
2026-01-03 16:00:00,CL,48.84710816666484
2026-01-03 16:00:00,MARKET,49.893513913814196
2026-01-03 17:00:00,CL,50.53346412628889
2026-01-03 17:00:00,MARKET,49.810586871268846
2026-01-03 21:00:00,CL,38.81353613361716
2026-01-03 21:00:00,MARKET,50.00557517632842
2026-01-03 22:00:00,MARKET,49.723095279186964
2026-01-04 06:00:00,MARKET,50.5629703681916
2026-01-04 07:00:00,MARKET,50.36326308579495
2026-01-04 08:00:00,MARKET,50.34646004671231
2026-01-04 09:00:00,MARKET,50.443440452218056
2026-01-04 10:00:00,MARKET,50.26494744699448
2026-01-04 10:00:00,NQ,49.74585734307766
2026-01-04 11:00:00,MARKET,50.34675361122936
2026-01-04 12:00:00,MARKET,50.406304746866226
2026-01-04 13:00:00,MARKET,50.27484563179314
2026-01-04 14:00:00,CL,45.01467492058873
2026-01-04 18:00:00,MARKET,50.43962742201984
2026-01-04 19:00:00,MARKET,50.57289459742606
2026-01-05 03:00:00,MARKET,50.31254284083843
2026-01-05 04:00:00,MARKET,50.37765858989013
2026-01-05 05:00:00,MARKET,50.28803052380681
2026-01-05 06:00:00,6E,51.07125664502382
2026-01-05 06:00:00,MARKET,50.443637660619885
2026-01-05 07:00:00,6E,50.41719872504473
2026-01-05 07:00:00,CL,50.48651795834303
2026-01-05 07:00:00,ES,49.696029767394066
2026-01-05 07:00:00,MARKET,49.877804153199705
2026-01-05 08:00:00,MARKET,50.237698359414935
2026-01-05 09:00:00,MARKET,50.22746427450329
2026-01-05 10:00:00,MARKET,50.305193419878684
2026-01-05 11:00:00,6E,52.99187995865941
2026-01-05 11:00:00,MARKET,51.017033911564134
2026-01-05 12:00:00,CL,56.27166901528835
2026-01-05 12:00:00,GC,51.16086582839489
2026-01-05 12:00:00,MARKET,50.23323165563246
2026-01-05 12:00:00,NQ,49.054004706442356
2026-01-05 13:00:00,CL,49.5059909671545
2026-01-05 13:00:00,MARKET,49.93186030245852
2026-01-05 13:00:00,NQ,46.71387446645115
2026-01-05 14:00:00,ES,49.44623798877001
2026-01-05 14:00:00,MARKET,50.43416322318508
2026-01-05 14:00:00,NQ,52.17050934955478
2026-01-05 15:00:00,6E,52.31633764505386
2026-01-05 15:00:00,MARKET,49.42051370348781
2026-01-05 16:00:00,CL,49.79921354353428
2026-01-05 16:00:00,MARKET,50.091479076072574
2026-01-05 16:00:00,NQ,49.38776683807373
2026-01-05 17:00:00,CL,49.69748419523239
2026-01-05 17:00:00,MARKET,50.95285493414849
2026-01-05 18:00:00,6A,54.23264553397894
2026-01-05 18:00:00,6E,51.843949407339096
2026-01-05 18:00:00,CL,51.98629952222109
2026-01-05 18:00:00,MARKET,50.76649281196296
2026-01-05 18:00:00,NQ,49.22101388126612
2026-01-05 19:00:00,CL,52.016043961048126
2026-01-05 19:00:00,MARKET,50.93845637748018
2026-01-05 19:00:00,NG,46.78265577554703
2026-01-05 20:00:00,ES,49.55261493474245
2026-01-05 20:00:00,MARKET,49.61460314070185
2026-01-05 20:00:00,NQ,49.55261493474245
2026-01-05 21:00:00,CL,51.02438514307141
2026-01-05 21:00:00,MARKET,49.81106460094452
2026-01-05 21:00:00,NQ,50.87853944674134
2026-01-05 22:00:00,NQ,51.26507966220379
2026-01-06 03:00:00,MARKET,49.987646378576756
2026-01-06 04:00:00,MARKET,50.360322870935
2026-01-06 05:00:00,MARKET,50.36051824921742
2026-01-06 06:00:00,CL,50.061796486377716
2026-01-06 06:00:00,MARKET,51.2389864694948
2026-01-06 06:00:00,NQ,52.09452135115862
2026-01-06 07:00:00,MARKET,50.54080181585794
2026-01-06 08:00:00,CL,50.57114654779434
2026-01-06 08:00:00,GC,50.96702191233635
2026-01-06 08:00:00,MARKET,50.664312932640314
2026-01-06 09:00:00,MARKET,50.31788032755933
2026-01-06 10:00:00,GC,51.820222809910774
2026-01-06 10:00:00,MARKET,51.35970861883834
2026-01-06 11:00:00,MARKET,50.90614567295863
2026-01-06 12:00:00,CL,40.232010424137115
2026-01-06 12:00:00,MARKET,50.22797041013837
2026-01-06 13:00:00,CL,40.92312598973513
2026-01-06 13:00:00,MARKET,50.43861663900316
2026-01-06 13:00:00,NQ,48.18566806263783
2026-01-06 14:00:00,CL,50.27919198572636
2026-01-06 14:00:00,ES,49.49514152109623
2026-01-06 14:00:00,GC,51.09605196863413
2026-01-06 14:00:00,MARKET,50.40173141500698
2026-01-06 14:00:00,NQ,47.95738631337881
2026-01-06 15:00:00,MARKET,50.265870874585666
2026-01-06 16:00:00,CL,44.947276785969734
2026-01-06 16:00:00,MARKET,50.31333568251946
2026-01-06 16:00:00,NQ,57.29879676178098
2026-01-06 17:00:00,NQ,55.285182882100344
2026-01-06 18:00:00,MARKET,50.67251606029458
2026-01-06 18:00:00,NQ,52.31930689354028
2026-01-06 19:00:00,CL,41.83325269725174
2026-01-06 19:00:00,NG,38.50968185067177
2026-01-06 19:00:00,NQ,38.556216947734356
2026-01-06 20:00:00,CL,44.25610659830272
2026-01-06 20:00:00,ES,49.52743770927191
2026-01-06 20:00:00,MARKET,50.24354967940599
2026-01-06 20:00:00,NQ,49.52743770927191
2026-01-06 21:00:00,CL,43.45683857053518
2026-01-06 21:00:00,MARKET,48.88451013714075
2026-01-06 21:00:00,NQ,54.97569773439318
2026-01-07 06:00:00,MARKET,50.00266747549176
2026-01-07 07:00:00,MARKET,50.29163070372306
2026-01-07 08:00:00,MARKET,50.53655063578238
2026-01-07 09:00:00,MARKET,50.41625189801885
2026-01-07 10:00:00,MARKET,50.193427524063736
2026-01-07 11:00:00,MARKET,50.24251040337341
2026-01-07 12:00:00,6E,41.82821310311556
2026-01-07 12:00:00,MARKET,50.58852357324213
2026-01-07 13:00:00,CL,51.54728722758591
2026-01-07 13:00:00,GC,50.66678485646844
2026-01-07 13:00:00,MARKET,50.21525417623872
2026-01-07 14:00:00,6E,51.58498793840408
2026-01-07 14:00:00,CL,48.431468926370144
2026-01-07 14:00:00,ES,49.42103749513626
2026-01-07 14:00:00,MARKET,50.16116333558507
2026-01-07 14:00:00,NQ,49.42103749513626
2026-01-07 15:00:00,CL,48.94422100484371
2026-01-07 15:00:00,MARKET,50.01639974846815
2026-01-07 15:00:00,NQ,44.52858779206872
2026-01-07 15:00:00,YM,51.59512414038181
2026-01-07 16:00:00,CL,48.904918322712184
2026-01-07 16:00:00,GC,50.449489146471024
2026-01-07 16:00:00,MARKET,49.73160273092799
2026-01-07 16:00:00,NQ,46.173196732997894
2026-01-07 17:00:00,CL,50.61738482862711
2026-01-07 17:00:00,MARKET,49.621986529620536
2026-01-07 17:00:00,NQ,54.0705851316452
2026-01-07 18:00:00,CL,50.83864272758365
2026-01-07 18:00:00,MARKET,50.01527714077383
2026-01-07 18:00:00,NQ,49.2508000805974
2026-01-07 19:00:00,CL,45.466665296256544
2026-01-07 19:00:00,MARKET,48.993880366906524
2026-01-07 19:00:00,NG,44.14180202037096
2026-01-07 19:00:00,NQ,53.61219372227788
2026-01-07 20:00:00,CL,50.14670203626156
2026-01-07 20:00:00,ES,49.705029383301735
2026-01-07 20:00:00,GC,51.03239968419075
2026-01-07 20:00:00,MARKET,49.59505538671063
2026-01-07 20:00:00,NQ,53.73173515498638
2026-01-07 21:00:00,CL,45.83184767141938
2026-01-07 21:00:00,ES,55.68977802991867
2026-01-07 21:00:00,MARKET,49.52125168744136
2026-01-07 21:00:00,NQ,49.23518781363964
2026-01-08 03:00:00,MARKET,50.583975203335285
2026-01-08 04:00:00,MARKET,50.538616349804215
2026-01-08 04:00:00,NQ,47.910414919257164
2026-01-08 05:00:00,MARKET,50.301603232933715
2026-01-08 06:00:00,MARKET,50.75667251663452
2026-01-08 07:00:00,CL,50.07617098093033
2026-01-08 07:00:00,MARKET,50.07319524143399
2026-01-08 07:00:00,NQ,50.612945064902306
2026-01-08 08:00:00,MARKET,50.28484031558037
2026-01-08 08:00:00,ZB,48.911507949233055
2026-01-08 09:00:00,MARKET,50.205292251581945
2026-01-08 10:00:00,MARKET,50.343708575703204
2026-01-08 11:00:00,MARKET,50.10675316560082
2026-01-08 12:00:00,CL,38.580640852451324
2026-01-08 12:00:00,MARKET,50.12612635549158
2026-01-08 13:00:00,MARKET,49.544133402799304
2026-01-08 13:00:00,NQ,47.706361312419176
2026-01-08 14:00:00,CL,48.088930413126945
2026-01-08 14:00:00,ES,49.51717682927847
2026-01-08 14:00:00,MARKET,50.23775523184272
2026-01-08 14:00:00,NQ,45.10395710915327
2026-01-08 15:00:00,CL,58.05701116099954
2026-01-08 15:00:00,MARKET,50.124059270390056
2026-01-08 15:00:00,NG,50.01536785066128
2026-01-08 15:00:00,NQ,58.968365021049976
2026-01-08 16:00:00,CL,46.861350474879146
2026-01-08 16:00:00,GC,42.00998332351446
2026-01-08 16:00:00,MARKET,49.513647345487364
2026-01-08 16:00:00,NQ,48.439415116608146
2026-01-08 17:00:00,CL,49.982311971485615
2026-01-08 17:00:00,MARKET,49.11028348375112
2026-01-08 17:00:00,NQ,49.733843728899956
2026-01-08 18:00:00,6A,51.013488322496414
2026-01-08 18:00:00,CL,50.114888451993465
2026-01-08 18:00:00,MARKET,49.943979733830524
2026-01-08 18:00:00,NQ,49.569014977663755
2026-01-08 19:00:00,6E,50.37594011425972
2026-01-08 19:00:00,CL,52.533073008060455
2026-01-08 19:00:00,MARKET,49.817133380824494
2026-01-08 19:00:00,NG,44.00837157666683
2026-01-08 19:00:00,NQ,49.644378658384085
2026-01-08 20:00:00,CL,55.94561863131821
2026-01-08 20:00:00,ES,49.71721924096346
2026-01-08 20:00:00,GC,51.349238116294146
2026-01-08 20:00:00,MARKET,50.349235651859395
2026-01-08 20:00:00,NQ,49.71721924096346
2026-01-08 21:00:00,CL,43.578942358493805
2026-01-08 21:00:00,MARKET,50.512233482172284
2026-01-09 03:00:00,MARKET,50.6068927263841
2026-01-09 04:00:00,6E,50.5267024114728
2026-01-09 04:00:00,MARKET,50.08133411407471
2026-01-09 05:00:00,MARKET,50.50849362431715
2026-01-09 06:00:00,MARKET,50.58402479812503
2026-01-09 07:00:00,6E,49.72467423975468
2026-01-09 07:00:00,MARKET,49.935019362019375
2026-01-09 08:00:00,MARKET,50.2187222559005
2026-01-09 09:00:00,CL,42.51634940505028
2026-01-09 09:00:00,MARKET,50.10336751118302
2026-01-09 10:00:00,CL,44.8990171905607
2026-01-09 10:00:00,MARKET,50.52183872554451
2026-01-09 11:00:00,6E,50.581801142543554
2026-01-09 11:00:00,CL,48.09176152944565
2026-01-09 11:00:00,MARKET,50.34385675208314
2026-01-09 12:00:00,CL,44.26339917816222
2026-01-09 12:00:00,MARKET,50.051580685124335
2026-01-09 13:00:00,CL,40.51763017848134
2026-01-09 13:00:00,MARKET,49.440147060547666
2026-01-09 14:00:00,ES,49.47094298899174
2026-01-09 14:00:00,MARKET,50.018513089356325
2026-01-09 14:00:00,NQ,49.47094298899174
2026-01-09 15:00:00,CL,51.38300518319011
2026-01-09 15:00:00,MARKET,49.858444915153086
2026-01-09 16:00:00,MARKET,49.17942149564624
2026-01-09 16:00:00,NQ,45.72695028781891
2026-01-09 17:00:00,NQ,49.13174293190241
2026-01-09 18:00:00,CL,49.89341512694955
2026-01-09 18:00:00,MARKET,49.77635216899216
2026-01-09 18:00:00,NQ,50.18695085123181
2026-01-09 19:00:00,CL,54.85438348352909
2026-01-09 19:00:00,MARKET,48.973576080054045
2026-01-09 20:00:00,CL,51.31642743732248
2026-01-09 20:00:00,ES,49.519217275083065
2026-01-09 20:00:00,MARKET,50.19546179682948
2026-01-09 20:00:00,NQ,49.519217275083065
2026-01-09 21:00:00,CL,49.6476602293551
2026-01-09 21:00:00,MARKET,49.563165069557726
2026-01-10 08:00:00,MARKET,50.44143994990736
2026-01-10 08:00:00,NQ,50.746302999556065
2026-01-10 09:00:00,CL,49.605284512043
2026-01-10 09:00:00,MARKET,50.319802736863494
2026-01-10 17:00:00,CL,45.71220336854458
2026-01-10 17:00:00,MARKET,51.55262468615547
2026-01-10 20:00:00,MARKET,50.267252291863166
2026-01-10 21:00:00,MARKET,50.17656867392361
2026-01-11 05:00:00,MARKET,50.31532823573798
2026-01-11 06:00:00,MARKET,50.4896880996724
2026-01-11 07:00:00,MARKET,50.282445300370455
2026-01-11 08:00:00,MARKET,50.39308863071104
2026-01-11 09:00:00,NQ,49.83960711956024
2026-01-11 11:00:00,MARKET,50.22698410786688
2026-01-11 12:00:00,CL,49.97625109553337
2026-01-11 12:00:00,MARKET,49.19958544895053
2026-01-11 13:00:00,MARKET,50.38112207315862
2026-01-11 14:00:00,MARKET,50.30308770015836
2026-01-11 16:00:00,MARKET,50.50650870117048
2026-01-11 17:00:00,CL,50.82751248776913
2026-01-11 17:00:00,NQ,50.43506972491741
2026-01-11 18:00:00,MARKET,50.20671257190406
2026-01-12 03:00:00,MARKET,50.51149299368262
2026-01-12 03:00:00,NQ,51.000933058559895
2026-01-12 04:00:00,GC,53.28586384654045
2026-01-12 04:00:00,MARKET,50.453529578101424
2026-01-12 05:00:00,6E,51.16787528991699
2026-01-12 05:00:00,MARKET,50.33593361017605
2026-01-12 06:00:00,MARKET,50.74372950848192
2026-01-12 06:00:00,NQ,50.19393327832222
2026-01-12 07:00:00,MARKET,50.57039711074057
2026-01-12 08:00:00,MARKET,50.46738087864859
2026-01-12 09:00:00,MARKET,50.737387112652264
2026-01-12 10:00:00,MARKET,50.35089967061619
2026-01-12 11:00:00,MARKET,50.64797844582548
2026-01-12 11:00:00,NQ,55.01800639927387
2026-01-12 12:00:00,MARKET,49.73303602216765
2026-01-12 12:00:00,NQ,49.33400691486895
2026-01-12 13:00:00,MARKET,50.57683643361088
2026-01-12 13:00:00,NQ,50.09893962740898
2026-01-12 14:00:00,ES,49.53259939700365
2026-01-12 14:00:00,MARKET,50.270789676869754
2026-01-12 14:00:00,NQ,49.53259939700365
2026-01-12 15:00:00,MARKET,50.5240665609017
2026-01-12 15:00:00,NQ,47.9897789247334
2026-01-12 16:00:00,CL,51.03307072818279
2026-01-12 16:00:00,MARKET,49.78175477435192
2026-01-12 16:00:00,NQ,49.4590669721365
2026-01-12 17:00:00,CL,48.62643137574196
2026-01-12 17:00:00,MARKET,50.349904181036564
2026-01-12 17:00:00,NQ,49.41126382723451
2026-01-12 18:00:00,CL,53.78239427879453
2026-01-12 18:00:00,MARKET,49.81632769322739
2026-01-12 18:00:00,NQ,48.261273849755526
2026-01-12 19:00:00,CL,50.25662575662136
2026-01-12 19:00:00,ES,50.29471307992935
2026-01-12 19:00:00,MARKET,50.287410577114386
2026-01-12 19:00:00,NG,52.36630233749747
2026-01-12 19:00:00,NQ,47.22127902507782
2026-01-12 20:00:00,ES,49.512731816619635
2026-01-12 20:00:00,MARKET,49.16937178067331
2026-01-12 20:00:00,NQ,46.37707992270589
2026-01-12 21:00:00,MARKET,51.24976217048243
2026-01-13 03:00:00,MARKET,50.16509886365384
2026-01-13 04:00:00,MARKET,50.26813273318112
2026-01-13 05:00:00,MARKET,50.46356123716881
2026-01-13 06:00:00,MARKET,50.16764435218647
2026-01-13 07:00:00,6E,50.62834856659174
2026-01-13 07:00:00,CL,50.224272325634956
2026-01-13 07:00:00,GC,50.224272325634956
2026-01-13 07:00:00,MARKET,50.12239617514698
2026-01-13 08:00:00,MARKET,50.45119059349721
2026-01-13 09:00:00,CL,39.24857721477747
2026-01-13 09:00:00,MARKET,50.5458771251142
2026-01-13 10:00:00,CL,50.93740430660546
2026-01-13 10:00:00,MARKET,50.12650155772766
2026-01-13 10:00:00,NQ,49.48503064364195
2026-01-13 11:00:00,MARKET,50.52109078853391
2026-01-13 12:00:00,MARKET,50.237923632375896
2026-01-13 13:00:00,CL,50.06366956233978
2026-01-13 13:00:00,MARKET,49.510696832219075
2026-01-13 13:00:00,NQ,47.767329934984446
2026-01-13 14:00:00,6E,38.48019931092858
2026-01-13 14:00:00,ES,49.56420963257551
2026-01-13 14:00:00,GC,50.58451923727989
2026-01-13 14:00:00,MARKET,49.72407984392097
2026-01-13 14:00:00,NQ,50.051050405949354
2026-01-13 15:00:00,CL,50.4945680052042
2026-01-13 15:00:00,MARKET,49.81605122624724
2026-01-13 15:00:00,NQ,49.72680386428077
2026-01-13 16:00:00,MARKET,50.043617490834244
2026-01-13 16:00:00,NQ,45.32272460311651
2026-01-13 17:00:00,CL,55.49545753002167
2026-01-13 17:00:00,MARKET,50.32124567621698
2026-01-13 17:00:00,NG,55.49545753002167
2026-01-13 17:00:00,NQ,49.757068417966366
2026-01-13 18:00:00,CL,50.72833327203989
2026-01-13 18:00:00,MARKET,50.38088534389519
2026-01-13 18:00:00,NQ,48.424119625240564
2026-01-13 19:00:00,CL,52.20050720870495
2026-01-13 19:00:00,MARKET,49.66617891857667
2026-01-13 19:00:00,NG,52.75766634941101
2026-01-13 19:00:00,NQ,47.478375889360905
2026-01-13 20:00:00,6A,49.17265508323908
2026-01-13 20:00:00,6E,49.17265508323908
2026-01-13 20:00:00,CL,50.68315264582634
2026-01-13 20:00:00,ES,49.80064385384321
2026-01-13 20:00:00,MARKET,50.10563950112555
2026-01-13 20:00:00,NQ,51.69666253775358
2026-01-13 21:00:00,CL,46.79499062895775
2026-01-13 21:00:00,MARKET,49.90407753735781
2026-01-13 21:00:00,NQ,50.10425720576729
2026-01-13 22:00:00,MARKET,50.42764076963067
2026-01-14 03:00:00,MARKET,50.14724435284734
2026-01-14 04:00:00,CL,50.273309879004955
2026-01-14 04:00:00,MARKET,50.309445831705546
2026-01-14 05:00:00,MARKET,50.78974276140798
2026-01-14 06:00:00,MARKET,49.78582797064023
2026-01-14 06:00:00,NQ,43.864686511456966
2026-01-14 07:00:00,CL,50.29847326874733
2026-01-14 07:00:00,MARKET,50.09004013664607
2026-01-14 08:00:00,MARKET,50.23798404571911
2026-01-14 08:00:00,NQ,50.527209527790546
2026-01-14 09:00:00,MARKET,49.86081730341539
2026-01-14 09:00:00,NQ,54.2621445376426
2026-01-14 10:00:00,6E,50.501350954174995
2026-01-14 10:00:00,MARKET,51.0358840962062
2026-01-14 11:00:00,6E,44.68535250425339
2026-01-14 11:00:00,GC,51.32777799665928
2026-01-14 11:00:00,MARKET,50.36011673552407
2026-01-14 12:00:00,MARKET,50.61134731143036
2026-01-14 12:00:00,NQ,54.58239786326885
2026-01-14 13:00:00,CL,44.13431330397725
2026-01-14 13:00:00,ES,50.11642552912235
2026-01-14 13:00:00,MARKET,49.763086883422844
2026-01-14 13:00:00,NQ,52.018622279167175
2026-01-14 14:00:00,ES,49.59335844963789
2026-01-14 14:00:00,MARKET,50.068216613099835
2026-01-14 14:00:00,NQ,49.54964475276378
2026-01-14 15:00:00,6A,49.716615207493305
2026-01-14 15:00:00,6E,49.60637728869915
2026-01-14 15:00:00,CL,49.94539614766836
2026-01-14 15:00:00,MARKET,49.96686942265208
2026-01-14 15:00:00,NQ,47.172702711075544
2026-01-14 16:00:00,MARKET,48.61204435405809
2026-01-14 16:00:00,NQ,49.369558561593294
2026-01-14 17:00:00,MARKET,48.84436509765995
2026-01-14 17:00:00,NQ,46.77268744135896
2026-01-14 18:00:00,MARKET,49.81659009354189
2026-01-14 18:00:00,NQ,49.182218477129936
2026-01-14 19:00:00,6E,50.27871763706207
2026-01-14 19:00:00,CL,53.70232956058213
2026-01-14 19:00:00,MARKET,50.01124632616456
2026-01-14 19:00:00,NQ,51.82708145305514
2026-01-14 20:00:00,CL,50.77838443219662
2026-01-14 20:00:00,ES,49.65066923201084
2026-01-14 20:00:00,MARKET,50.10639305866789
2026-01-14 20:00:00,NQ,50.08049960806966
2026-01-14 21:00:00,MARKET,49.330369379992284
2026-01-14 21:00:00,NQ,49.24592346698046
2026-01-14 23:00:00,MARKET,49.86006506585649
2026-01-15 03:00:00,6E,51.15652438253164
2026-01-15 03:00:00,MARKET,50.58949335012585
2026-01-15 04:00:00,GC,48.863542050123215
2026-01-15 04:00:00,MARKET,50.567880178568885
2026-01-15 04:00:00,NQ,48.863542050123215
2026-01-15 05:00:00,MARKET,50.31786660833115
2026-01-15 06:00:00,MARKET,50.29661757194183
2026-01-15 07:00:00,6E,49.60637728869915
2026-01-15 07:00:00,MARKET,50.64429205642747
2026-01-15 07:00:00,NQ,50.28798784315586
2026-01-15 08:00:00,MARKET,50.29247294412926
2026-01-15 09:00:00,6E,52.33807321637869
2026-01-15 09:00:00,MARKET,50.02971857898579
2026-01-15 10:00:00,HG,51.169386982917786
2026-01-15 10:00:00,MARKET,50.61762507384022
2026-01-15 11:00:00,6E,51.06665122509003
2026-01-15 11:00:00,CL,53.1224579513073
2026-01-15 11:00:00,MARKET,49.68529281796267
2026-01-15 11:00:00,NQ,51.4877547994256
2026-01-15 12:00:00,GC,50.277469392865896
2026-01-15 12:00:00,MARKET,50.17892153118737
2026-01-15 12:00:00,NQ,39.13802570104599
2026-01-15 13:00:00,CL,45.82387164235115
2026-01-15 13:00:00,GC,50.50532849133015
2026-01-15 13:00:00,MARKET,49.891863887853646
2026-01-15 13:00:00,NQ,48.978262315969914
2026-01-15 14:00:00,6A,60.10689067468047
2026-01-15 14:00:00,CL,60.10689067468047
2026-01-15 14:00:00,ES,49.72982729971409
2026-01-15 14:00:00,MARKET,50.193076132632356
2026-01-15 14:00:00,NQ,47.6156782656908
2026-01-15 15:00:00,GC,50.0762772411108
2026-01-15 15:00:00,MARKET,50.012546134689316
2026-01-15 15:00:00,NG,49.62036735005677
2026-01-15 15:00:00,NQ,46.694442089647055
2026-01-15 16:00:00,6E,51.48186944052577
2026-01-15 16:00:00,CL,49.103552063927054
2026-01-15 16:00:00,MARKET,50.76377584738657
2026-01-15 16:00:00,NQ,51.73160937987268
2026-01-15 17:00:00,MARKET,48.45484915252944
2026-01-15 17:00:00,NQ,48.19830751605332
2026-01-15 18:00:00,6E,52.37824935466051
2026-01-15 18:00:00,CL,46.10515700280666
2026-01-15 18:00:00,MARKET,50.08015051076654
2026-01-15 18:00:00,NQ,49.173637721687555
2026-01-15 19:00:00,6E,50.79758806526661
2026-01-15 19:00:00,CL,38.62146192789078
2026-01-15 19:00:00,MARKET,49.72414743970148
2026-01-15 19:00:00,NQ,50.867091469466686
2026-01-15 20:00:00,CL,49.762358263134956
2026-01-15 20:00:00,ES,49.44807306677103
2026-01-15 20:00:00,MARKET,50.40664283698425
2026-01-15 20:00:00,NQ,49.44807306677103
2026-01-15 21:00:00,CL,50.387835085392
2026-01-15 21:00:00,ES,54.43258839845657
2026-01-15 21:00:00,MARKET,49.66954402936002
2026-01-15 21:00:00,NQ,49.54194588959217
2026-01-16 03:00:00,NQ,50.17717935144901
2026-01-16 04:00:00,MARKET,50.39197976414401
2026-01-16 05:00:00,6E,50.456917837262154
2026-01-16 05:00:00,MARKET,50.74788816523953
2026-01-16 06:00:00,GC,51.560848884284496
2026-01-16 06:00:00,MARKET,50.51410622987896
2026-01-16 07:00:00,6E,52.27051943540573
2026-01-16 07:00:00,MARKET,50.296557736583054
2026-01-16 08:00:00,GC,51.01425297558308
2026-01-16 08:00:00,MARKET,49.988353693754306
2026-01-16 08:00:00,NQ,51.32817583531141
2026-01-16 09:00:00,MARKET,50.43646928970702
2026-01-16 10:00:00,MARKET,50.00730370314648
2026-01-16 10:00:00,NQ,51.284786477684975
2026-01-16 11:00:00,6E,51.582958064973354
2026-01-16 11:00:00,MARKET,50.21346040336149
2026-01-16 12:00:00,6E,51.259970523416996
2026-01-16 12:00:00,MARKET,50.78956431336701
2026-01-16 12:00:00,NQ,40.73703298717737
2026-01-16 13:00:00,MARKET,50.64810484854711
2026-01-16 14:00:00,ES,49.484550550580025
2026-01-16 14:00:00,MARKET,50.100429251324385
2026-01-16 14:00:00,NQ,45.4275316298008
2026-01-16 15:00:00,6E,50.1869181394577
2026-01-16 15:00:00,MARKET,50.255418474165104
2026-01-16 16:00:00,MARKET,49.053223056253046
2026-01-16 17:00:00,CL,49.50615553185344
2026-01-16 17:00:00,MARKET,49.59898973659923
2026-01-16 18:00:00,CL,45.445948984473944
2026-01-16 18:00:00,MARKET,49.96082347817719
2026-01-16 19:00:00,CL,54.63550546206534
2026-01-16 19:00:00,MARKET,52.5537518505007
2026-01-16 20:00:00,CL,59.53207229450345
2026-01-16 20:00:00,ES,49.69798317551613
2026-01-16 20:00:00,MARKET,49.7052359841764
2026-01-16 20:00:00,NQ,51.332941262982786
2026-01-16 21:00:00,CL,50.38956540077925
2026-01-16 21:00:00,MARKET,49.993490419583395
2026-01-16 21:00:00,NQ,49.10196382552385
2026-01-17 06:00:00,MARKET,50.165478410199285
2026-01-17 07:00:00,MARKET,50.31804680451751
2026-01-17 08:00:00,MARKET,50.349652683362365
2026-01-17 08:00:00,NQ,50.9667019918561
2026-01-17 14:00:00,MARKET,50.08568515069783
2026-01-17 16:00:00,MARKET,47.1508303086739
2026-01-17 18:00:00,6E,48.875923339277506
2026-01-17 18:00:00,MARKET,51.21714882552624
2026-01-17 19:00:00,MARKET,49.82983305118978
2026-01-17 21:00:00,MARKET,50.721110543236136
2026-01-18 06:00:00,MARKET,50.29640320688486
2026-01-18 07:00:00,MARKET,50.370195263319395
2026-01-18 08:00:00,MARKET,50.41938464157283
2026-01-18 09:00:00,MARKET,50.240156115964055
2026-01-18 10:00:00,MARKET,50.331319058313966
2026-01-18 11:00:00,MARKET,49.4548295866698
2026-01-18 11:00:00,NQ,49.835316345095634
2026-01-18 14:00:00,MARKET,50.52548795938492
2026-01-18 16:00:00,6E,52.8356623724103
2026-01-18 17:00:00,MARKET,50.2418814226985
2026-01-18 18:00:00,MARKET,50.12023091316223
2026-01-18 19:00:00,MARKET,49.98483918141574
2026-01-18 20:00:00,6E,48.75727705284953
2026-01-18 20:00:00,MARKET,50.894771868673466
2026-01-18 21:00:00,MARKET,50.364332580938935
2026-01-19 03:00:00,MARKET,50.10128630325198
2026-01-19 04:00:00,MARKET,50.1621509495784
2026-01-19 05:00:00,MARKET,50.29251307973431
2026-01-19 06:00:00,MARKET,50.26903842006706
2026-01-19 07:00:00,MARKET,50.577086872421205
2026-01-19 07:00:00,NQ,51.28462990373373
2026-01-19 08:00:00,6E,49.758514285087585
2026-01-19 08:00:00,ES,50.083549961447716
2026-01-19 08:00:00,MARKET,51.03152412189437
2026-01-19 08:00:00,NQ,50.8953638151288
2026-01-19 09:00:00,6E,55.54768900945783
2026-01-19 09:00:00,CL,51.124568946659565
2026-01-19 09:00:00,MARKET,50.29876572422354
2026-01-19 10:00:00,MARKET,50.65061101131141
2026-01-19 11:00:00,MARKET,49.80602568750711
2026-01-19 12:00:00,6E,46.21944859996438
2026-01-19 12:00:00,MARKET,50.30689058825374
2026-01-19 13:00:00,6E,44.19402692094445
2026-01-19 13:00:00,MARKET,50.40304913898581
2026-01-19 14:00:00,6E,50.449771493673325
2026-01-19 14:00:00,CL,51.21591059118509
2026-01-19 14:00:00,MARKET,49.89539558754156
2026-01-19 15:00:00,6E,47.60896572843194
2026-01-19 15:00:00,MARKET,49.57812072822633
2026-01-19 16:00:00,6E,50.35789905115962
2026-01-19 16:00:00,MARKET,50.472163011186886
2026-01-19 17:00:00,6E,49.98459875583649
2026-01-19 17:00:00,MARKET,49.258038367011714
2026-01-19 17:00:00,NQ,49.45428081601858
2026-01-19 18:00:00,6E,47.6745361238718
2026-01-19 18:00:00,CL,45.4081649184227
2026-01-19 18:00:00,MARKET,50.00148880960686
2026-01-19 19:00:00,6A,49.83902449905872
2026-01-19 19:00:00,6E,50.222911328077316
2026-01-19 19:00:00,MARKET,50.12267417119195
2026-01-19 20:00:00,MARKET,50.11930360458791
2026-01-19 21:00:00,MARKET,50.549719873815775
2026-01-20 03:00:00,MARKET,49.966315515339375
2026-01-20 04:00:00,6E,39.392899975180626
2026-01-20 04:00:00,MARKET,50.18791774404235
2026-01-20 05:00:00,MARKET,50.318647174031604
2026-01-20 06:00:00,6E,50.68152908235788
2026-01-20 06:00:00,MARKET,50.24352612346411
2026-01-20 07:00:00,6E,49.784823693335056
2026-01-20 07:00:00,MARKET,49.98570234756227
2026-01-20 08:00:00,MARKET,50.25899010710418
2026-01-20 09:00:00,MARKET,50.145296739414334
2026-01-20 10:00:00,6E,47.504589319229126
2026-01-20 10:00:00,MARKET,50.43699597857673
2026-01-20 11:00:00,MARKET,50.51881759846583
2026-01-20 12:00:00,MARKET,50.29101834166795
2026-01-20 13:00:00,MARKET,49.92972543637734
2026-01-20 14:00:00,6E,45.54523715376854
2026-01-20 14:00:00,CL,42.984292551875114
2026-01-20 14:00:00,ES,49.66136007010937
2026-01-20 14:00:00,MARKET,49.68195570576936
2026-01-20 14:00:00,NQ,49.66136007010937
2026-01-20 15:00:00,6E,52.550260631367564
2026-01-20 15:00:00,MARKET,50.306494215503335
2026-01-20 15:00:00,NQ,48.99876740574837
2026-01-20 16:00:00,6E,53.18487440794706
2026-01-20 16:00:00,MARKET,50.388990032841406
2026-01-20 16:00:00,NQ,49.4367591291666
2026-01-20 17:00:00,MARKET,49.647673240397125
2026-01-20 17:00:00,NQ,49.524791330099106
2026-01-20 18:00:00,CL,50.36946304887533
2026-01-20 18:00:00,MARKET,50.36092119091855
2026-01-20 18:00:00,NQ,49.3336164355278
2026-01-20 19:00:00,6E,50.071074560284615
2026-01-20 19:00:00,6N,50.071074560284615
2026-01-20 19:00:00,CL,58.32073736190796
2026-01-20 19:00:00,MARKET,50.21725870883809
2026-01-20 20:00:00,CL,49.17221769876778
2026-01-20 20:00:00,ES,49.50684234499931
2026-01-20 20:00:00,MARKET,50.109897430241105
2026-01-20 20:00:00,NQ,49.50684234499931
2026-01-20 21:00:00,MARKET,50.91008009854704
2026-01-20 22:00:00,MARKET,50.25774763897061
2026-01-21 03:00:00,MARKET,49.99788374019166
2026-01-21 04:00:00,MARKET,50.26757863565133
2026-01-21 05:00:00,MARKET,50.31676231484328
2026-01-21 06:00:00,MARKET,50.25831766027425
2026-01-21 06:00:00,NQ,50.19765895605087
2026-01-21 07:00:00,6E,56.48751303553581
2026-01-21 07:00:00,MARKET,49.77337977895513
2026-01-21 08:00:00,MARKET,50.22456661332399
2026-01-21 09:00:00,CL,56.90641744993627
2026-01-21 09:00:00,MARKET,49.63593010674231
2026-01-21 10:00:00,MARKET,50.21738224080764
2026-01-21 10:00:00,NQ,41.494848005473614
2026-01-21 11:00:00,MARKET,50.181121915388346
2026-01-21 11:00:00,NQ,52.517589554190636
2026-01-21 12:00:00,6E,39.78074637055397
2026-01-21 12:00:00,CL,60.65645260363817
2026-01-21 12:00:00,MARKET,50.00774560643262
2026-01-21 12:00:00,NQ,46.933305878192186
2026-01-21 13:00:00,6E,48.70668686926365
2026-01-21 13:00:00,MARKET,50.395940481137266
2026-01-21 13:00:00,NG,59.20690144598484
2026-01-21 14:00:00,6E,41.242335287854075
2026-01-21 14:00:00,ES,49.45106690376997
2026-01-21 14:00:00,MARKET,49.88792429382626
2026-01-21 14:00:00,NQ,49.45106690376997
2026-01-21 15:00:00,MARKET,49.732479957013354
2026-01-21 15:00:00,NQ,47.85771035589278
2026-01-21 16:00:00,MARKET,50.618486100664505
2026-01-21 16:00:00,NQ,45.78159383684397
2026-01-21 17:00:00,MARKET,50.35709350835532
2026-01-21 17:00:00,NQ,51.10754554718733
2026-01-21 18:00:00,6E,50.038088753819466
2026-01-21 18:00:00,MARKET,50.05341502414508
2026-01-21 19:00:00,CL,56.51854281872511
2026-01-21 19:00:00,GC,50.41274939849973
2026-01-21 19:00:00,MARKET,50.31063712295145
2026-01-21 19:00:00,NG,52.5572155714035
2026-01-21 19:00:00,NQ,50.39594077132642
2026-01-21 20:00:00,ES,49.68279863148928
2026-01-21 20:00:00,MARKET,50.11396224671246
2026-01-21 20:00:00,NQ,50.25946479663253
2026-01-21 21:00:00,CL,48.06454762816429
2026-01-21 21:00:00,MARKET,50.02800736058917
2026-01-22 04:00:00,GC,50.7639369815588
2026-01-22 04:00:00,MARKET,50.4278131085448
2026-01-22 04:00:00,NQ,50.6178951151669
2026-01-22 05:00:00,MARKET,50.3016285166483
2026-01-22 06:00:00,MARKET,50.330420384183526
2026-01-22 07:00:00,MARKET,50.15320161667963
2026-01-22 08:00:00,MARKET,50.45204477765682
2026-01-22 09:00:00,CL,58.70111393928528
2026-01-22 09:00:00,MARKET,50.465150482952595
2026-01-22 10:00:00,MARKET,50.49441559628273
2026-01-22 11:00:00,CL,42.12905353307724
2026-01-22 11:00:00,MARKET,51.2034998464055
2026-01-22 12:00:00,CL,51.5105057656765
2026-01-22 12:00:00,GC,50.4772369787097
2026-01-22 12:00:00,MARKET,50.285324122653236
2026-01-22 13:00:00,6E,41.89273598790169
2026-01-22 13:00:00,MARKET,49.379480067149714
2026-01-22 14:00:00,6E,45.61313344165683
2026-01-22 14:00:00,CL,48.505340948700905
2026-01-22 14:00:00,ES,49.5044965967536
2026-01-22 14:00:00,MARKET,50.33668995472706
2026-01-22 14:00:00,NQ,49.5044965967536
2026-01-22 15:00:00,6E,51.18636991456151
2026-01-22 15:00:00,MARKET,49.85474712387831
2026-01-22 15:00:00,NG,50.17943039536476
2026-01-22 15:00:00,NQ,50.35815807431936
2026-01-22 16:00:00,GC,50.56450714729726
2026-01-22 16:00:00,MARKET,50.450723426273235
2026-01-22 16:00:00,NQ,49.643305629491806
2026-01-22 16:00:00,RTY,50.14353993535042
2026-01-22 17:00:00,CL,49.88541344925761
2026-01-22 17:00:00,ES,54.168409898877144
2026-01-22 17:00:00,MARKET,49.78017878780762
2026-01-22 18:00:00,6E,42.247832488268614
2026-01-22 18:00:00,MARKET,50.50314875641981
2026-01-22 19:00:00,CL,38.518175881356
2026-01-22 19:00:00,MARKET,50.06786999292672
2026-01-22 19:00:00,NG,38.535950634628534
2026-01-22 19:00:00,NQ,49.19982961565256
2026-01-22 20:00:00,ES,49.76527566462755
2026-01-22 20:00:00,MARKET,49.73226480082505
2026-01-22 20:00:00,NQ,49.76527566462755
2026-01-22 21:00:00,6E,52.934449549764395
2026-01-22 21:00:00,CL,49.89960943162441
2026-01-22 21:00:00,GC,50.850148510187864
2026-01-22 21:00:00,MARKET,49.98686092611598
2026-01-23 02:00:00,MARKET,49.91729159839451
2026-01-23 03:00:00,MARKET,50.75680733844638
2026-01-23 04:00:00,MARKET,50.28117604052218
2026-01-23 05:00:00,MARKET,50.300100044502564
2026-01-23 05:00:00,SI,51.53181643038988
2026-01-23 06:00:00,6A,50.86324769258499
2026-01-23 06:00:00,6N,50.86324769258499
2026-01-23 06:00:00,CL,50.73468268662691
2026-01-23 06:00:00,MARKET,50.70553985715378
2026-01-23 07:00:00,MARKET,49.92962103172698
2026-01-23 08:00:00,MARKET,50.27609243645872
2026-01-23 09:00:00,CL,51.45216868072748
2026-01-23 09:00:00,MARKET,49.65054185129702
2026-01-23 09:00:00,NQ,40.21361583471298
2026-01-23 10:00:00,MARKET,48.91521708988067
2026-01-23 11:00:00,MARKET,49.8668451923877
2026-01-23 11:00:00,NQ,50.41516098380089
2026-01-23 12:00:00,6E,51.20827246457338
2026-01-23 12:00:00,MARKET,50.39120986126363
2026-01-23 12:00:00,NQ,49.742314994335175
2026-01-23 13:00:00,6E,50.203375302255154
2026-01-23 13:00:00,MARKET,50.04913985542953
2026-01-23 14:00:00,ES,49.53577287495136
2026-01-23 14:00:00,MARKET,50.2964860573411
2026-01-23 14:00:00,NQ,50.1461940407753
2026-01-23 15:00:00,MARKET,50.295414527734884
2026-01-23 16:00:00,CL,44.02881573140621
2026-01-23 16:00:00,MARKET,50.24733348816101
2026-01-23 17:00:00,MARKET,50.49013205105439
2026-01-23 18:00:00,CL,49.388913571834564
2026-01-23 18:00:00,MARKET,50.36841475094358
2026-01-23 18:00:00,NQ,52.072191290557384
2026-01-23 19:00:00,CL,46.4582232683897
2026-01-23 19:00:00,MARKET,49.610959604615346
2026-01-23 19:00:00,NG,52.658262610435486
2026-01-23 20:00:00,ES,49.40856625139713
2026-01-23 20:00:00,MARKET,50.32334119081497
2026-01-23 20:00:00,NQ,49.58525048941374
2026-01-23 21:00:00,MARKET,54.50378146022558
2026-01-23 21:00:00,NQ,44.14976704120636
2026-01-24 07:00:00,MARKET,50.68438640485207
2026-01-24 08:00:00,MARKET,50.33315989561379
2026-01-24 09:00:00,MARKET,50.243385595579944
2026-01-24 13:00:00,MARKET,50.33568281121552
2026-01-24 14:00:00,MARKET,50.58884546471139
2026-01-24 15:00:00,MARKET,50.167977241799235
2026-01-24 16:00:00,MARKET,50.226467810571194
2026-01-24 18:00:00,MARKET,50.04229413345456
2026-01-24 21:00:00,MARKET,50.49463152885437
2026-01-24 22:00:00,MARKET,50.76290391385555
2026-01-25 07:00:00,MARKET,50.24532762511323
2026-01-25 08:00:00,MARKET,50.38524911738932
2026-01-25 09:00:00,MARKET,50.31460669956037
2026-01-25 10:00:00,MARKET,50.262760277837515
2026-01-25 15:00:00,MARKET,50.35950624073545
2026-01-25 16:00:00,MARKET,50.34019193612039
2026-01-25 17:00:00,NQ,49.861097916960716
2026-01-25 18:00:00,MARKET,50.52909274213016
2026-01-25 19:00:00,6A,50.6804538294673
2026-01-25 19:00:00,MARKET,50.167960512141384
2026-01-25 20:00:00,MARKET,50.100574251264334
2026-01-26 04:00:00,6E,50.14222086966038
2026-01-26 04:00:00,MARKET,50.44600262772292
2026-01-26 04:00:00,NQ,49.826479494571686
2026-01-26 05:00:00,MARKET,50.20369302566078
2026-01-26 06:00:00,6E,50.40638817101717
2026-01-26 06:00:00,GC,50.29344739019871
2026-01-26 06:00:00,MARKET,50.209314982406795
2026-01-26 07:00:00,MARKET,50.7760950185072
2026-01-26 08:00:00,CL,49.04166880249977
2026-01-26 08:00:00,MARKET,49.843223351985216
2026-01-26 09:00:00,CL,50.6850600540638
2026-01-26 09:00:00,MARKET,50.08839683607221
2026-01-26 09:00:00,NG,47.914425022900105
2026-01-26 09:00:00,NQ,50.91369514912367
2026-01-26 10:00:00,MARKET,50.4499306762591
2026-01-26 11:00:00,CL,46.01181595027447
2026-01-26 11:00:00,MARKET,50.120667057450525
2026-01-26 12:00:00,HG,50.67382124066353
2026-01-26 12:00:00,MARKET,50.937417970377616
2026-01-26 12:00:00,NQ,50.62419932335615
2026-01-26 13:00:00,CL,50.282713145017624
2026-01-26 13:00:00,MARKET,49.9471118112772
2026-01-26 13:00:00,NQ,50.45461851358414
2026-01-26 14:00:00,MARKET,50.19738071214627
2026-01-26 14:00:00,NQ,49.0404341481626
2026-01-26 15:00:00,6E,50.8769191801548
2026-01-26 15:00:00,MARKET,50.22999753654003
2026-01-26 15:00:00,NQ,49.52509942650795
2026-01-26 16:00:00,MARKET,49.972330385020804
2026-01-26 16:00:00,NQ,51.563711293041706
2026-01-26 17:00:00,MARKET,50.321032060310245
2026-01-26 18:00:00,MARKET,49.96175587642938
2026-01-26 18:00:00,NQ,49.100044287741184
2026-01-26 19:00:00,CL,38.476767437532544
2026-01-26 19:00:00,MARKET,50.56427587522194
2026-01-26 19:00:00,NG,38.51336479187012
2026-01-26 20:00:00,ES,49.67996894568205
2026-01-26 20:00:00,GC,50.96698219329119
2026-01-26 20:00:00,MARKET,50.2678219252266
2026-01-26 20:00:00,NQ,49.67996894568205
2026-01-26 21:00:00,MARKET,50.857090706537875
2026-01-27 03:00:00,MARKET,50.001908428967
2026-01-27 04:00:00,MARKET,50.25542234652676
2026-01-27 04:00:00,NQ,50.555854111909866
2026-01-27 05:00:00,MARKET,50.15619962941855
2026-01-27 06:00:00,6E,50.73607198148966
2026-01-27 06:00:00,MARKET,50.05710896337405
2026-01-27 06:00:00,NQ,50.03597941994667
2026-01-27 07:00:00,MARKET,50.86243414902128
2026-01-27 08:00:00,6E,50.76024691015482
2026-01-27 08:00:00,MARKET,50.404865953938234
2026-01-27 08:00:00,NQ,50.60990710556507
2026-01-27 09:00:00,CL,50.33825093135238
2026-01-27 09:00:00,MARKET,50.189997653476894
2026-01-27 10:00:00,MARKET,50.74700965346502
2026-01-27 10:00:00,NQ,60.572169695049524
2026-01-27 11:00:00,CL,50.12273148745298
2026-01-27 11:00:00,MARKET,50.34465401049923
2026-01-27 12:00:00,MARKET,50.14577779537913
2026-01-27 13:00:00,MARKET,50.41177939856425
2026-01-27 13:00:00,NQ,51.22781819105148
2026-01-27 14:00:00,ES,49.51231653243303
2026-01-27 14:00:00,MARKET,50.31248312564971
2026-01-27 14:00:00,NG,38.46955770254135
2026-01-27 14:00:00,NQ,47.01403087005019
2026-01-27 15:00:00,6A,50.09044276922941
2026-01-27 15:00:00,6E,50.51818127930164
2026-01-27 15:00:00,CL,51.77883444726467
2026-01-27 15:00:00,GC,50.2032413482666
2026-01-27 15:00:00,MARKET,50.11541072744876
2026-01-27 15:00:00,NG,38.46022943779826
2026-01-27 15:00:00,NQ,49.25775636732578
2026-01-27 16:00:00,6A,56.51714359968901
2026-01-27 16:00:00,CL,50.68137939274311
2026-01-27 16:00:00,GC,50.44691364467144
2026-01-27 16:00:00,MARKET,50.046730916947126
2026-01-27 16:00:00,NQ,49.645035699009895
2026-01-27 17:00:00,MARKET,49.86256602530678
2026-01-27 17:00:00,NQ,45.21530166268349
2026-01-27 18:00:00,6E,50.8813738822937
2026-01-27 18:00:00,CL,49.86002758145332
2026-01-27 18:00:00,MARKET,50.23517566919327
2026-01-27 18:00:00,NQ,48.47401995956898
2026-01-27 19:00:00,CL,51.411342572420835
2026-01-27 19:00:00,MARKET,50.47842784629514
2026-01-27 20:00:00,ES,49.50819610059261
2026-01-27 20:00:00,MARKET,49.93730255810078
2026-01-27 20:00:00,NQ,49.50819610059261
2026-01-27 21:00:00,CL,49.450827084481716
2026-01-27 21:00:00,MARKET,50.068532922663366
2026-01-27 21:00:00,NQ,60.42210949957371
2026-01-28 03:00:00,NQ,49.955618783831596
2026-01-28 04:00:00,MARKET,50.235354905792825
2026-01-28 04:00:00,NQ,50.35553056001663
2026-01-28 05:00:00,6E,50.714812122285366
2026-01-28 05:00:00,GC,50.630841724574566
2026-01-28 05:00:00,MARKET,50.14750527450815
2026-01-28 05:00:00,NQ,50.106432154774666
2026-01-28 06:00:00,MARKET,50.31868421297986
2026-01-28 07:00:00,MARKET,50.72127039835323
2026-01-28 08:00:00,6E,49.81379282474518
2026-01-28 08:00:00,MARKET,49.795075303991325
2026-01-28 09:00:00,MARKET,50.29643039134416
2026-01-28 09:00:00,NQ,55.1887839268893
2026-01-28 10:00:00,MARKET,49.505765309246875
2026-01-28 10:00:00,NQ,50.73539912700653
2026-01-28 11:00:00,MARKET,50.69199462188408
2026-01-28 12:00:00,MARKET,50.646147459046915
2026-01-28 13:00:00,MARKET,49.51073782492636
2026-01-28 14:00:00,6E,50.21008341759443
2026-01-28 14:00:00,ES,52.37751820683479
2026-01-28 14:00:00,MARKET,50.168679884689695
2026-01-28 14:00:00,NQ,44.60665801167488
2026-01-28 15:00:00,CL,53.45540418848395
2026-01-28 15:00:00,MARKET,50.25867814086378
2026-01-28 15:00:00,NQ,43.58698482811451
2026-01-28 16:00:00,6E,42.0407175719738
2026-01-28 16:00:00,MARKET,49.76103043028464
2026-01-28 16:00:00,NQ,49.73989953100681
2026-01-28 17:00:00,MARKET,50.46367771950934
2026-01-28 17:00:00,NQ,45.40780069679022
2026-01-28 18:00:00,MARKET,51.04730359278619
2026-01-28 18:00:00,NQ,47.568908646702766
2026-01-28 19:00:00,MARKET,50.41327715603014
2026-01-28 19:00:00,NQ,49.13163612676518
2026-01-28 20:00:00,CL,49.25320879369974
2026-01-28 20:00:00,ES,49.61468268185854
2026-01-28 20:00:00,MARKET,50.462618321180344
2026-01-28 20:00:00,NQ,48.9154279457946
2026-01-28 21:00:00,CL,49.310130532830954
2026-01-28 21:00:00,MARKET,50.448102234264034
2026-01-28 21:00:00,NQ,50.431826397776604
2026-01-29 03:00:00,NQ,49.23146553337574
2026-01-29 04:00:00,6A,51.115138947963715
2026-01-29 04:00:00,6N,51.115138947963715
2026-01-29 04:00:00,MARKET,50.21430235976974
2026-01-29 04:00:00,NQ,49.755359180271626
2026-01-29 05:00:00,MARKET,50.20180669716663
2026-01-29 06:00:00,CL,50.62532285600901
2026-01-29 06:00:00,MARKET,50.46222373160223
2026-01-29 07:00:00,ES,50.71361395716667
2026-01-29 07:00:00,MARKET,50.40426385588944
2026-01-29 08:00:00,6E,56.717506647109985
2026-01-29 08:00:00,MARKET,50.4780179267982
2026-01-29 09:00:00,GC,50.89913397282362
2026-01-29 09:00:00,MARKET,50.192052656784654
2026-01-29 10:00:00,6A,50.599040538072586
2026-01-29 10:00:00,MARKET,50.57908998926481
2026-01-29 11:00:00,CL,54.741924211382866
2026-01-29 11:00:00,GC,51.136373929679394
2026-01-29 11:00:00,MARKET,50.163150038928364
2026-01-29 11:00:00,NQ,45.98609186708927
2026-01-29 12:00:00,CL,55.607846558094025
2026-01-29 12:00:00,MARKET,50.13713803952155
2026-01-29 13:00:00,MARKET,49.49956084262919
2026-01-29 14:00:00,6E,51.323217414319515
2026-01-29 14:00:00,ES,49.78850057721138
2026-01-29 14:00:00,MARKET,50.34471072158531
2026-01-29 14:00:00,NQ,48.75911258906126
2026-01-29 15:00:00,CL,39.72360268980265
2026-01-29 15:00:00,MARKET,49.73487538137388
2026-01-29 15:00:00,NG,49.90671719610691
2026-01-29 15:00:00,NQ,50.35051465034485
2026-01-29 16:00:00,CL,49.23800367861986
2026-01-29 16:00:00,MARKET,50.03691719397902
2026-01-29 16:00:00,NQ,49.46859844774008
2026-01-29 17:00:00,6E,39.25770090520382
2026-01-29 17:00:00,MARKET,49.512235186994076
2026-01-29 17:00:00,NQ,50.37638431601226
2026-01-29 18:00:00,MARKET,50.959690685517025
2026-01-29 18:00:00,NQ,51.12403828650713
2026-01-29 19:00:00,CL,59.74870623648167
2026-01-29 19:00:00,MARKET,49.71705489622598
2026-01-29 19:00:00,NG,44.35513015091419
2026-01-29 20:00:00,ES,49.90194380283356
2026-01-29 20:00:00,MARKET,50.52717324986588
2026-01-29 20:00:00,NQ,49.90194380283356
2026-01-29 21:00:00,MARKET,49.54818081703376
2026-01-29 21:00:00,NQ,47.85700870119035
2026-01-30 03:00:00,MARKET,49.926861487329006
2026-01-30 04:00:00,MARKET,50.191689256578684
2026-01-30 04:00:00,NQ,50.62890009582043
2026-01-30 05:00:00,CL,47.996517181396484
2026-01-30 05:00:00,MARKET,50.25102277596792
2026-01-30 05:00:00,NQ,50.65127644687891
2026-01-30 05:00:00,SI,47.996517181396484
2026-01-30 06:00:00,6E,51.26510773599148
2026-01-30 06:00:00,MARKET,49.4479781242374
2026-01-30 06:00:00,NQ,55.98839234933257
2026-01-30 07:00:00,MARKET,50.32546488302095
2026-01-30 08:00:00,GC,51.929124139249325
2026-01-30 08:00:00,MARKET,49.79200434629564
2026-01-30 09:00:00,6E,57.73711250722408
2026-01-30 09:00:00,MARKET,50.15538607724011
2026-01-30 10:00:00,6E,47.914879467338324
2026-01-30 10:00:00,MARKET,50.08200664849331
2026-01-30 11:00:00,CL,50.95502269268036
2026-01-30 11:00:00,MARKET,50.7492879886801
2026-01-30 11:00:00,NQ,50.20059107989073
2026-01-30 12:00:00,MARKET,49.74827403901145
2026-01-30 12:00:00,NQ,48.362854674458504
2026-01-30 13:00:00,CL,52.13090189546347
2026-01-30 13:00:00,MARKET,50.06582783845564
2026-01-30 13:00:00,NQ,48.02632251381874
2026-01-30 14:00:00,6E,51.71245037764311
2026-01-30 14:00:00,ES,49.475048556923866
2026-01-30 14:00:00,MARKET,50.02363665889089
2026-01-30 14:00:00,NQ,46.78416249714792
2026-01-30 15:00:00,MARKET,50.065186695661396
2026-01-30 15:00:00,NQ,46.77592875063419
2026-01-30 16:00:00,6E,45.24053297936916
2026-01-30 16:00:00,CL,49.38985306862742
2026-01-30 16:00:00,GC,49.520470939576626
2026-01-30 16:00:00,MARKET,50.41050344040351
2026-01-30 16:00:00,NQ,47.72198669686914
2026-01-30 17:00:00,MARKET,49.99058388467682
2026-01-30 17:00:00,NQ,46.70913998037577
2026-01-30 18:00:00,CL,49.42544036358595
2026-01-30 18:00:00,MARKET,50.11330422413136
2026-01-30 18:00:00,NQ,42.829968655481935
2026-01-30 19:00:00,CL,38.76624473184347
2026-01-30 19:00:00,MARKET,50.05931654279785
2026-01-30 19:00:00,NQ,49.763481847941875
2026-01-30 20:00:00,ES,49.5495665371418
2026-01-30 20:00:00,MARKET,49.80240407061171
2026-01-30 20:00:00,NQ,49.932055024430156
2026-01-30 21:00:00,6E,50.67403892427683
2026-01-30 21:00:00,MARKET,50.91877533433338
2026-01-30 21:00:00,NQ,53.44685013219714
2026-01-30 23:00:00,CL,60.63001496344805
2026-01-30 23:00:00,MARKET,52.82516981475055
2026-01-31 00:00:00,MARKET,52.892959606833756
2026-01-31 06:00:00,MARKET,50.102387415245175
2026-01-31 07:00:00,MARKET,50.207420606166124
2026-01-31 08:00:00,MARKET,50.21162150427699
2026-01-31 09:00:00,MARKET,49.36398240737617
2026-01-31 11:00:00,MARKET,49.36473634404441
2026-01-31 12:00:00,MARKET,49.564245007932186
2026-01-31 13:00:00,MARKET,48.730270164087415
2026-01-31 14:00:00,MARKET,50.044740810990334
2026-01-31 16:00:00,MARKET,49.000993529334664
2026-01-31 17:00:00,MARKET,50.912577509880066
2026-01-31 18:00:00,MARKET,50.715482008333005
2026-01-31 19:00:00,MARKET,50.32102952245623
2026-01-31 21:00:00,MARKET,50.20214638672769
2026-02-01 07:00:00,MARKET,50.30521540157497
2026-02-01 08:00:00,MARKET,50.28494240782623
2026-02-01 09:00:00,6A,38.580993976444006
2026-02-01 09:00:00,GC,44.41910165734589
2026-02-01 09:00:00,MARKET,50.20901143964794
2026-02-01 10:00:00,MARKET,50.121688075984515
2026-02-01 11:00:00,6E,51.96307551860809
2026-02-01 11:00:00,MARKET,50.22840064018965
2026-02-01 14:00:00,MARKET,50.217163008637726
2026-02-01 15:00:00,MARKET,50.27402381567905
2026-02-01 16:00:00,CL,58.01851315796375
2026-02-01 16:00:00,MARKET,49.964836632832885
2026-02-01 17:00:00,MARKET,50.255506951361895
2026-02-01 18:00:00,MARKET,50.37753464343647
2026-02-01 19:00:00,MARKET,50.450354986824095
2026-02-01 19:00:00,NQ,51.0427228808403
2026-02-01 20:00:00,ES,49.98334281146526
2026-02-01 20:00:00,MARKET,50.40237532928586
2026-02-02 03:00:00,MARKET,49.93028614670038
2026-02-02 04:00:00,MARKET,50.15406512147324
2026-02-02 05:00:00,MARKET,50.218888200664274
2026-02-02 06:00:00,6E,50.6831990480423
2026-02-02 06:00:00,MARKET,50.204532165796714
2026-02-02 07:00:00,GC,55.907161235809326
2026-02-02 07:00:00,MARKET,50.299055369881295
2026-02-02 08:00:00,MARKET,50.20850104279816
2026-02-02 09:00:00,6E,50.54859735071659
2026-02-02 09:00:00,MARKET,50.15812054808651
2026-02-02 09:00:00,NQ,60.79472168534994
2026-02-02 10:00:00,MARKET,50.38917023326374
2026-02-02 10:00:00,NG,60.494380235672
2026-02-02 11:00:00,MARKET,49.880627758878596
2026-02-02 12:00:00,HG,47.06291199475527
2026-02-02 12:00:00,MARKET,50.088885106584605
2026-02-02 13:00:00,CL,50.20420242846012
2026-02-02 13:00:00,MARKET,50.24081743931254
2026-02-02 14:00:00,CL,51.188610039651394
2026-02-02 14:00:00,ES,49.61611831188202
2026-02-02 14:00:00,MARKET,49.90001764348043
2026-02-02 14:00:00,NQ,47.69315379858017
2026-02-02 15:00:00,MARKET,50.118714920980366
2026-02-02 16:00:00,MARKET,50.12346569025381
2026-02-02 16:00:00,NQ,49.34707136824727
2026-02-02 17:00:00,CL,51.324755392968655
2026-02-02 17:00:00,MARKET,50.21312887780368
2026-02-02 17:00:00,NQ,49.57048062607646
2026-02-02 18:00:00,MARKET,49.89993083423802
2026-02-02 18:00:00,NQ,48.586919468641284
2026-02-02 19:00:00,CL,38.51177328079939
2026-02-02 19:00:00,MARKET,50.34170833043754
2026-02-02 19:00:00,NG,38.51177328079939
2026-02-02 20:00:00,ES,49.44996988028288
2026-02-02 20:00:00,MARKET,50.17078006756492
2026-02-02 20:00:00,NQ,49.945908315479755
2026-02-02 21:00:00,6E,56.204496420919895
2026-02-02 21:00:00,CL,43.95290409773588
2026-02-02 21:00:00,MARKET,50.23561657486676
2026-02-02 21:00:00,NQ,50.6782892215997
2026-02-03 03:00:00,MARKET,49.84660645015538
2026-02-03 04:00:00,6A,50.37879295647144
2026-02-03 04:00:00,MARKET,50.241786973783746
2026-02-03 05:00:00,MARKET,50.27601738615582
2026-02-03 06:00:00,MARKET,50.25174234993756
2026-02-03 07:00:00,MARKET,50.599382721198104
2026-02-03 08:00:00,6E,54.768218548968434
2026-02-03 08:00:00,GC,50.73849055171013
2026-02-03 08:00:00,HG,58.60054899379611
2026-02-03 08:00:00,MARKET,50.31925858743489
2026-02-03 08:00:00,NQ,51.66005254164338
2026-02-03 09:00:00,MARKET,50.05098353498257
2026-02-03 10:00:00,CL,51.138257030397654
2026-02-03 10:00:00,MARKET,50.70192778017372
2026-02-03 11:00:00,GC,48.075855292379856
2026-02-03 11:00:00,MARKET,50.70354841900273
2026-02-03 11:00:00,NQ,50.560719549655914
2026-02-03 12:00:00,6E,51.0561466217041
2026-02-03 12:00:00,CL,50.74350596964359
2026-02-03 12:00:00,MARKET,50.57167018325452
2026-02-03 12:00:00,NQ,47.99523093365133
2026-02-03 13:00:00,CL,45.31105384230614
2026-02-03 13:00:00,MARKET,50.5396956549241
2026-02-03 13:00:00,NQ,55.939549496397376
2026-02-03 14:00:00,MARKET,51.26148901350627
2026-02-03 14:00:00,NQ,48.85057479329407
2026-02-03 15:00:00,CL,51.41657097265124
2026-02-03 15:00:00,MARKET,49.67386695801427
2026-02-03 16:00:00,CL,50.54361570626497
2026-02-03 16:00:00,MARKET,49.752186592668295
2026-02-03 16:00:00,NQ,52.99572506453842
2026-02-03 17:00:00,MARKET,50.37632541405037
2026-02-03 17:00:00,NQ,44.77668384462595
2026-02-03 18:00:00,CL,59.23259285092354
2026-02-03 18:00:00,MARKET,50.11550984663987
2026-02-03 18:00:00,NQ,46.87949624657631
2026-02-03 19:00:00,CL,58.34095339477062
2026-02-03 19:00:00,MARKET,49.34436667477712
2026-02-03 19:00:00,NG,57.427506506443024
2026-02-03 19:00:00,NQ,50.8138021947816
2026-02-03 20:00:00,ES,49.852347657084465
2026-02-03 20:00:00,MARKET,50.0908331212122
2026-02-03 20:00:00,NQ,49.852347657084465
2026-02-03 21:00:00,CL,49.611728705465794
2026-02-03 21:00:00,MARKET,50.321250722841604
2026-02-04 03:00:00,MARKET,50.042458325624466
2026-02-04 04:00:00,CL,51.402792029082775
2026-02-04 04:00:00,GC,50.22525269538164
2026-02-04 04:00:00,MARKET,50.25593587796071
2026-02-04 05:00:00,MARKET,50.50417573284358
2026-02-04 06:00:00,MARKET,50.21483347418585
2026-02-04 07:00:00,6E,50.82992495596409
2026-02-04 07:00:00,MARKET,50.339713022112846
2026-02-04 07:00:00,NQ,51.56624613702297
2026-02-04 08:00:00,MARKET,50.231569004519024
2026-02-04 09:00:00,MARKET,50.14638174668347
2026-02-04 10:00:00,CL,50.12549014389515
2026-02-04 10:00:00,MARKET,50.10546136461198
2026-02-04 11:00:00,6E,50.566317051649094
2026-02-04 11:00:00,MARKET,50.59144869650481
2026-02-04 11:00:00,NQ,50.566317051649094
2026-02-04 12:00:00,6E,50.70803429186344
2026-02-04 12:00:00,CL,60.22490040585399
2026-02-04 12:00:00,MARKET,50.282793574278124
2026-02-04 12:00:00,NQ,48.129989087581635
2026-02-04 13:00:00,6E,42.25356198847294
2026-02-04 13:00:00,CL,42.25356198847294
2026-02-04 13:00:00,MARKET,50.100589683279395
2026-02-04 14:00:00,CL,48.856611132621765
2026-02-04 14:00:00,ES,49.693093955516815
2026-02-04 14:00:00,MARKET,50.223494807512246
2026-02-04 14:00:00,NQ,50.180127166211605
2026-02-04 15:00:00,CL,50.12849755678326
2026-02-04 15:00:00,MARKET,50.311558226627916
2026-02-04 15:00:00,NQ,49.80140895396471
2026-02-04 16:00:00,CL,38.658400885760784
2026-02-04 16:00:00,MARKET,49.25063707431158
2026-02-04 16:00:00,NQ,47.53785125911236
2026-02-04 17:00:00,MARKET,50.00366910448065
2026-02-04 17:00:00,NQ,48.471517108380795
2026-02-04 18:00:00,MARKET,50.50504691644826
2026-02-04 18:00:00,NQ,48.535771168768406
2026-02-04 19:00:00,CL,57.236413419246674
2026-02-04 19:00:00,MARKET,50.05445084272651
2026-02-04 19:00:00,NG,55.20038664340973
2026-02-04 19:00:00,NQ,50.96864205598831
2026-02-04 20:00:00,ES,49.756302893161774
2026-02-04 20:00:00,MARKET,50.23754019476473
2026-02-04 20:00:00,NQ,49.756302893161774
2026-02-04 21:00:00,MARKET,50.856972102696695
2026-02-04 21:00:00,NQ,51.514336759224534
2026-02-04 22:00:00,NQ,50.62455277144909
2026-02-05 04:00:00,6A,48.6631895750761
2026-02-05 04:00:00,MARKET,50.26739989814814
2026-02-05 04:00:00,NQ,48.6631895750761
2026-02-05 05:00:00,MARKET,50.572302125187385
2026-02-05 06:00:00,MARKET,50.14937974046916
2026-02-05 07:00:00,MARKET,50.54189550752441
2026-02-05 08:00:00,MARKET,50.29625705975507
2026-02-05 09:00:00,MARKET,50.32341018629571
2026-02-05 09:00:00,NQ,50.017409950494766
2026-02-05 10:00:00,6E,50.446031488478184
2026-02-05 10:00:00,CL,50.426350366324186
2026-02-05 10:00:00,MARKET,51.4773773545256
2026-02-05 11:00:00,GC,51.266710691154
2026-02-05 11:00:00,MARKET,50.92111734479355
2026-02-05 12:00:00,MARKET,50.23863145840113
2026-02-05 13:00:00,6E,39.46380358375609
2026-02-05 13:00:00,ES,50.34303376823664
2026-02-05 13:00:00,GC,53.301100358366966
2026-02-05 13:00:00,MARKET,49.52081560170174
2026-02-05 13:00:00,NQ,54.54238634556532
2026-02-05 14:00:00,6E,54.46630297228694
2026-02-05 14:00:00,MARKET,49.82167146318326
2026-02-05 14:00:00,NQ,45.22348017990589
2026-02-05 15:00:00,CL,50.682362377643585
2026-02-05 15:00:00,MARKET,50.39366836354522
2026-02-05 15:00:00,NG,46.232629381120205
2026-02-05 16:00:00,CL,53.78824049979448
2026-02-05 16:00:00,MARKET,50.000278768517695
2026-02-05 16:00:00,NQ,48.52268421277404
2026-02-05 17:00:00,6A,53.437393210828304
2026-02-05 17:00:00,CL,53.437393210828304
2026-02-05 17:00:00,MARKET,49.433381707407534
2026-02-05 18:00:00,MARKET,51.04743305730688
2026-02-05 18:00:00,NQ,46.5855159945786
2026-02-05 19:00:00,CL,38.49586755782366
2026-02-05 19:00:00,MARKET,49.72746403156115
2026-02-05 20:00:00,ES,49.606007635593414
2026-02-05 20:00:00,MARKET,51.87158569926396
2026-02-05 20:00:00,NQ,50.039340540766716
2026-02-05 21:00:00,MARKET,51.14590285811573
2026-02-05 22:00:00,MARKET,50.63010938465595
2026-02-06 04:00:00,MARKET,50.279395112146936
2026-02-06 05:00:00,GC,51.46550291404128
2026-02-06 05:00:00,MARKET,50.53227862757113
2026-02-06 06:00:00,6E,60.22093629091978
2026-02-06 06:00:00,MARKET,50.060547893600805
2026-02-06 07:00:00,6E,50.85427290946245
2026-02-06 07:00:00,MARKET,50.037881640406944
2026-02-06 07:00:00,SI,48.925887763500214
2026-02-06 08:00:00,6E,51.080250231549144
2026-02-06 08:00:00,MARKET,50.291181750256904
2026-02-06 09:00:00,MARKET,50.24408628646698
2026-02-06 10:00:00,MARKET,50.71522338415629
2026-02-06 11:00:00,6E,48.37001311033964
2026-02-06 11:00:00,MARKET,50.68333383261537
2026-02-06 12:00:00,MARKET,48.89775826391997
2026-02-06 13:00:00,GC,50.38949005305767
2026-02-06 13:00:00,MARKET,50.33452587260399
2026-02-06 14:00:00,6E,52.57137870788574
2026-02-06 14:00:00,CL,48.25747752189636
2026-02-06 14:00:00,ES,49.47806043177843
2026-02-06 14:00:00,MARKET,50.28336985502392
2026-02-06 14:00:00,NQ,48.95726730898023
2026-02-06 15:00:00,MARKET,49.95178553385331
2026-02-06 16:00:00,MARKET,50.3982077272875
2026-02-06 16:00:00,NQ,47.88666023127735
2026-02-06 17:00:00,MARKET,50.431742552667856
2026-02-06 17:00:00,NQ,51.4341240649422
2026-02-06 18:00:00,6A,53.506262961775064
2026-02-06 18:00:00,CL,49.237390376627445
2026-02-06 18:00:00,GC,53.506262961775064
2026-02-06 18:00:00,MARKET,50.25501859995226
2026-02-06 18:00:00,NQ,49.16138730198145
2026-02-06 19:00:00,CL,53.5269253924489
2026-02-06 19:00:00,MARKET,50.46275645494461
2026-02-06 19:00:00,NG,47.106874227523804
2026-02-06 20:00:00,ES,49.68369956314564
2026-02-06 20:00:00,MARKET,49.18801880984878
2026-02-06 20:00:00,NQ,47.44657695541779
2026-02-06 21:00:00,MARKET,49.08903009258211
2026-02-06 21:00:00,NQ,47.70514398813248
2026-02-06 22:00:00,MARKET,50.605732335243374
2026-02-06 23:00:00,MARKET,45.69736841134727
2026-02-07 00:00:00,MARKET,50.2002286631614
2026-02-07 06:00:00,MARKET,50.170883745886385
2026-02-07 07:00:00,MARKET,50.24520356580615
2026-02-07 08:00:00,MARKET,50.31900694593787
2026-02-07 16:00:00,MARKET,50.15021178871393
2026-02-07 17:00:00,MARKET,50.673330256249756
2026-02-07 19:00:00,MARKET,50.76154819689691
2026-02-07 20:00:00,MARKET,50.16366149997339
2026-02-08 07:00:00,6E,50.608845084905624
2026-02-08 08:00:00,MARKET,50.270675206556916
2026-02-08 09:00:00,MARKET,50.18719001362721
2026-02-08 10:00:00,MARKET,50.641444865614176
2026-02-08 11:00:00,MARKET,50.05028788000345
2026-02-08 12:00:00,MARKET,50.49174797721207
2026-02-08 12:00:00,NQ,50.04117852449417
2026-02-08 14:00:00,MARKET,50.79666820975641
2026-02-08 15:00:00,MARKET,51.635810998268425
2026-02-08 16:00:00,6E,50.51842048764229
2026-02-08 16:00:00,MARKET,50.27123439436158
2026-02-08 17:00:00,MARKET,50.29593060957268
2026-02-08 18:00:00,GC,50.60608384013176
2026-02-08 18:00:00,MARKET,51.62137564426909
2026-02-08 18:00:00,NQ,50.60608384013176
2026-02-08 19:00:00,MARKET,50.26004143292084
2026-02-08 20:00:00,GC,51.00522166490555
2026-02-08 20:00:00,MARKET,50.234200647100806
2026-02-08 23:00:00,MARKET,50.103754475712776
2026-02-09 00:00:00,MARKET,50.564081110060215
2026-02-09 02:00:00,MARKET,49.27800408098847
2026-02-09 03:00:00,MARKET,49.7002025321126
2026-02-09 03:00:00,NQ,50.633820965886116
2026-02-09 04:00:00,MARKET,50.28575157358622
2026-02-09 05:00:00,MARKET,50.241601433760174
2026-02-09 06:00:00,ES,51.42991913110018
2026-02-09 06:00:00,GC,50.44261500239372
2026-02-09 06:00:00,MARKET,49.89926487207413
2026-02-09 07:00:00,MARKET,49.91572096074621
2026-02-09 08:00:00,MARKET,50.22508053295314
2026-02-09 09:00:00,CL,50.640889905393124
2026-02-09 09:00:00,MARKET,51.4071687831628
2026-02-09 09:00:00,NQ,53.919380605220795
2026-02-09 10:00:00,MARKET,50.253831434529275
2026-02-09 11:00:00,MARKET,49.93937095330859
2026-02-09 12:00:00,MARKET,49.8557048161073
2026-02-09 12:00:00,NQ,50.62792292237282
2026-02-09 13:00:00,MARKET,50.12153278881063
2026-02-09 13:00:00,NQ,51.974357191473246
2026-02-09 14:00:00,CL,51.19707265496254
2026-02-09 14:00:00,ES,49.50224597752094
2026-02-09 14:00:00,GC,50.31404009461403
2026-02-09 14:00:00,MARKET,50.054496416123584
2026-02-09 14:00:00,NQ,46.66336750984192
2026-02-09 15:00:00,6E,50.13126266002655
2026-02-09 15:00:00,MARKET,50.03812563139945
2026-02-09 16:00:00,6E,52.13385194540024
2026-02-09 16:00:00,MARKET,50.02256850944832
2026-02-09 16:00:00,NQ,44.42307537794113
2026-02-09 17:00:00,CL,50.26484069228172
2026-02-09 17:00:00,MARKET,50.89206080961352
2026-02-09 17:00:00,NQ,50.77328076958656
2026-02-09 18:00:00,6E,50.21161965280771
2026-02-09 18:00:00,GC,50.49136544764042
2026-02-09 18:00:00,MARKET,49.89042069122661
2026-02-09 18:00:00,NQ,48.07535944133997
2026-02-09 19:00:00,CL,58.45625961571932
2026-02-09 19:00:00,ES,51.14216721057892
2026-02-09 19:00:00,MARKET,49.85554909450002
2026-02-09 19:00:00,NG,56.49505138397217
2026-02-09 19:00:00,NQ,50.89745710790157
2026-02-09 20:00:00,ES,49.75383371859789
2026-02-09 20:00:00,MARKET,48.887399831437506
2026-02-09 20:00:00,NQ,48.30274718728933
2026-02-09 21:00:00,MARKET,50.63448933651671
2026-02-10 04:00:00,6E,50.545125633478165
2026-02-10 04:00:00,MARKET,50.187111558791784
2026-02-10 05:00:00,MARKET,50.19960539182648
2026-02-10 05:00:00,NQ,50.50039007514715
2026-02-10 06:00:00,MARKET,50.18979862798005
2026-02-10 07:00:00,6E,50.79255787283182
2026-02-10 07:00:00,GC,50.46612671017647
2026-02-10 07:00:00,MARKET,50.347016986746056
2026-02-10 08:00:00,MARKET,50.23601180175319
2026-02-10 09:00:00,6E,50.33034457266331
2026-02-10 09:00:00,MARKET,50.51437645840148
2026-02-10 09:00:00,NQ,50.72652957588434
2026-02-10 10:00:00,MARKET,50.21646178141236
2026-02-10 11:00:00,MARKET,51.0919671577091
2026-02-10 11:00:00,NQ,60.6991295106709
2026-02-10 12:00:00,MARKET,50.53600754862761
2026-02-10 13:00:00,6E,53.06901992112398
2026-02-10 13:00:00,MARKET,49.053678489980044
2026-02-10 14:00:00,ES,49.56853527575731
2026-02-10 14:00:00,MARKET,50.8677777958413
2026-02-10 14:00:00,NQ,49.56853527575731
2026-02-10 15:00:00,MARKET,50.647813581861556
2026-02-10 15:00:00,NQ,49.92072932422161
2026-02-10 16:00:00,CL,53.37155528366566
2026-02-10 16:00:00,MARKET,50.18212636350654
2026-02-10 16:00:00,NQ,53.87081849575043
2026-02-10 17:00:00,CL,56.33368653804064
2026-02-10 17:00:00,MARKET,50.38557581603527
2026-02-10 17:00:00,NQ,47.37612142127294
2026-02-10 18:00:00,6E,55.41456577181816
2026-02-10 18:00:00,MARKET,50.27682279835322
2026-02-10 18:00:00,NQ,50.52802860417536
2026-02-10 19:00:00,CL,38.49646008014679
2026-02-10 19:00:00,MARKET,49.148684921092354
2026-02-10 19:00:00,NG,38.48649976402521
2026-02-10 20:00:00,CL,45.05895921960473
2026-02-10 20:00:00,ES,49.70280520617962
2026-02-10 20:00:00,MARKET,51.36396220729997
2026-02-10 20:00:00,NQ,49.70280520617962
2026-02-10 21:00:00,CL,49.24453975260258
2026-02-10 21:00:00,MARKET,50.24210361423544
2026-02-11 03:00:00,MARKET,49.93801588192582
2026-02-11 04:00:00,MARKET,50.27684109925758
2026-02-11 04:00:00,NQ,51.009324975311756
2026-02-11 05:00:00,MARKET,50.22298090253025
2026-02-11 06:00:00,6B,38.52935802191496
2026-02-11 06:00:00,6E,38.52935802191496
2026-02-11 06:00:00,MARKET,49.618742076314184
2026-02-11 06:00:00,NQ,49.776366487145424
2026-02-11 07:00:00,GC,50.43835826963186
2026-02-11 07:00:00,MARKET,50.19863988272846
2026-02-11 07:00:00,NQ,50.1702276468277
2026-02-11 08:00:00,MARKET,50.16508964006789
2026-02-11 08:00:00,SI,50.36145783960819
2026-02-11 09:00:00,MARKET,50.28443706118398
2026-02-11 10:00:00,CL,50.73042841255665
2026-02-11 10:00:00,MARKET,50.29604476477419
2026-02-11 11:00:00,6E,52.70996584370732
2026-02-11 11:00:00,MARKET,50.13635897517411
2026-02-11 11:00:00,NQ,50.39170306548476
2026-02-11 12:00:00,MARKET,49.42324655751387
2026-02-11 13:00:00,CL,49.226877776905894
2026-02-11 13:00:00,MARKET,49.23306137651067
2026-02-11 13:00:00,NQ,50.52852991223335
2026-02-11 14:00:00,ES,49.60460535436869
2026-02-11 14:00:00,MARKET,49.70831867019158
2026-02-11 14:00:00,NQ,49.60460535436869
2026-02-11 15:00:00,CL,52.67564442753792
2026-02-11 15:00:00,MARKET,50.54523847915013
2026-02-11 15:00:00,NQ,51.6970129320398
2026-02-11 16:00:00,6E,59.73917943239212
2026-02-11 16:00:00,MARKET,47.99485065275803
2026-02-11 16:00:00,NQ,46.926324278116226
2026-02-11 17:00:00,6E,56.40506908297539
2026-02-11 17:00:00,MARKET,49.97060860914644
2026-02-11 17:00:00,NQ,49.476847782731056
2026-02-11 18:00:00,MARKET,49.80827040690929
2026-02-11 18:00:00,NQ,48.78807244449854
2026-02-11 19:00:00,CL,49.12404954433441
2026-02-11 19:00:00,MARKET,48.85597995544473
2026-02-11 19:00:00,NG,49.12404954433441
2026-02-11 19:00:00,NQ,49.294148713350296
2026-02-11 20:00:00,ES,44.35585676133633
2026-02-11 20:00:00,MARKET,49.994236167350955
2026-02-11 20:00:00,NQ,49.36799864470959
2026-02-11 21:00:00,CL,60.07302336022258
2026-02-11 21:00:00,GC,43.904979571700096
2026-02-11 21:00:00,MARKET,50.32840404825817
2026-02-11 21:00:00,NQ,47.8525224737823
2026-02-12 04:00:00,MARKET,50.14733932415644
2026-02-12 04:00:00,NQ,50.69524572044611
2026-02-12 05:00:00,MARKET,50.261089386961736
2026-02-12 05:00:00,NQ,50.33887272328138
2026-02-12 06:00:00,MARKET,50.272594190990695
2026-02-12 07:00:00,MARKET,50.831071734428406
2026-02-12 08:00:00,MARKET,48.893907841827186
2026-02-12 09:00:00,CL,50.130972652882335
2026-02-12 09:00:00,MARKET,49.95243817313828
2026-02-12 10:00:00,6E,57.38877858221531
2026-02-12 10:00:00,ES,49.880687072873116
2026-02-12 10:00:00,MARKET,50.371195797753685
2026-02-12 10:00:00,NQ,51.122434332966805
2026-02-12 11:00:00,6E,53.43152791261673
2026-02-12 11:00:00,MARKET,50.61995286064652
2026-02-12 11:00:00,NQ,54.77389969676733
2026-02-12 12:00:00,CL,38.391024332493544
2026-02-12 12:00:00,MARKET,49.77151617780328
2026-02-12 13:00:00,MARKET,49.632638737230614
2026-02-12 13:00:00,NQ,43.88677150756121
2026-02-12 14:00:00,CL,51.68448915332556
2026-02-12 14:00:00,ES,49.55297613888979
2026-02-12 14:00:00,MARKET,49.93122796747176
2026-02-12 14:00:00,NQ,49.55297613888979
2026-02-12 15:00:00,MARKET,50.09569459478371
2026-02-12 15:00:00,NG,49.76798690855503
2026-02-12 15:00:00,NQ,40.31110633164644
2026-02-12 16:00:00,CL,52.66075671836734
2026-02-12 16:00:00,MARKET,49.6753547298722
2026-02-12 16:00:00,NQ,49.72793231904507
2026-02-12 17:00:00,MARKET,50.15607512090355
2026-02-12 18:00:00,6E,48.9923437833786
2026-02-12 18:00:00,CL,51.121380157768726
2026-02-12 18:00:00,MARKET,50.38014739818339
2026-02-12 18:00:00,NQ,49.32137134671211
2026-02-12 19:00:00,6A,59.71127290278673
2026-02-12 19:00:00,CL,38.536138132214546
2026-02-12 19:00:00,MARKET,49.96873325095154
2026-02-12 19:00:00,NG,38.58090756461024
2026-02-12 19:00:00,NQ,59.71127290278673
2026-02-12 20:00:00,6E,55.734131552278996
2026-02-12 20:00:00,CL,55.734131552278996
2026-02-12 20:00:00,ES,50.09992464631796
2026-02-12 20:00:00,MARKET,50.11445854273107
2026-02-12 20:00:00,NQ,50.26167772710323
2026-02-12 21:00:00,MARKET,50.041420935303904
2026-02-12 22:00:00,CL,59.74333442002535
2026-02-13 03:00:00,MARKET,49.99299203976989
2026-02-13 04:00:00,MARKET,50.12058018640216
2026-02-13 04:00:00,NQ,50.757720559835434
2026-02-13 05:00:00,6E,50.513947904109955
2026-02-13 05:00:00,MARKET,50.26970050856471
2026-02-13 05:00:00,NQ,50.55845835804939
2026-02-13 06:00:00,GC,50.73034770041704
2026-02-13 06:00:00,MARKET,50.27229515602812
2026-02-13 07:00:00,6E,50.09172450751066
2026-02-13 07:00:00,MARKET,50.11817488120869
2026-02-13 08:00:00,MARKET,50.258136671967804
2026-02-13 09:00:00,MARKET,50.1334559218958
2026-02-13 10:00:00,6E,50.96438881009817
2026-02-13 10:00:00,MARKET,50.444060957704025
2026-02-13 11:00:00,CL,50.960961885750294
2026-02-13 11:00:00,MARKET,50.15878267213702
2026-02-13 12:00:00,6A,53.814094334840775
2026-02-13 12:00:00,MARKET,49.76304484757462
2026-02-13 13:00:00,6E,56.05397526547313
2026-02-13 13:00:00,MARKET,49.67771608805792
2026-02-13 13:00:00,NQ,49.91091564297676
2026-02-13 14:00:00,ES,49.543329417705536
2026-02-13 14:00:00,GC,53.587957449257374
2026-02-13 14:00:00,MARKET,49.945106292143464
2026-02-13 14:00:00,NQ,47.91644461452961
2026-02-13 15:00:00,6A,50.85934219509363
2026-02-13 15:00:00,CL,51.75113223493099
2026-02-13 15:00:00,MARKET,50.39081719449975
2026-02-13 15:00:00,NQ,47.1237428560853
2026-02-13 16:00:00,6E,51.1221035271883
2026-02-13 16:00:00,MARKET,49.831454393453896
2026-02-13 17:00:00,6E,43.73777897655964
2026-02-13 17:00:00,MARKET,49.72195941821805
2026-02-13 18:00:00,MARKET,49.2119263112545
2026-02-13 18:00:00,NQ,50.04912864230573
2026-02-13 19:00:00,CL,55.77338391542435
2026-02-13 19:00:00,MARKET,50.58365546166897
2026-02-13 20:00:00,6E,45.36220571398735
2026-02-13 20:00:00,ES,45.476067665964365
2026-02-13 20:00:00,MARKET,49.43705926067196
2026-02-13 20:00:00,NQ,47.91278870155414
2026-02-13 21:00:00,MARKET,51.03865070867219
2026-02-13 21:00:00,NQ,44.57602155208588
2026-02-13 23:00:00,MARKET,50.19414039328694
2026-02-13 23:00:00,NQ,50.17104008793831
2026-02-14 06:00:00,MARKET,50.29275430832058
2026-02-14 08:00:00,MARKET,50.099090840667486
2026-02-14 09:00:00,MARKET,50.379923419095576
2026-02-14 10:00:00,MARKET,50.210825249087065
2026-02-14 11:00:00,MARKET,50.080690626055
2026-02-14 14:00:00,MARKET,50.25365495122969
2026-02-14 15:00:00,MARKET,50.317543061450124
2026-02-14 16:00:00,6A,49.482474744319916
2026-02-14 16:00:00,6E,57.52594497427344
2026-02-14 16:00:00,MARKET,50.251438319683075
2026-02-14 20:00:00,MARKET,50.253938833872475
2026-02-15 03:00:00,MARKET,45.38586414884776
2026-02-15 05:00:00,MARKET,50.30390167608857
2026-02-15 06:00:00,6A,50.497245475649834
2026-02-15 06:00:00,MARKET,50.22706595648612
2026-02-15 07:00:00,MARKET,50.32749797217548
2026-02-15 13:00:00,MARKET,50.35651515703648
2026-02-15 15:00:00,MARKET,50.30596053227782
2026-02-15 16:00:00,MARKET,50.20181994885206
2026-02-15 16:00:00,NQ,50.259594067931175
2026-02-15 17:00:00,MARKET,50.13396903639659
2026-02-15 17:00:00,NQ,49.63514845073223
2026-02-15 18:00:00,MARKET,50.361039127622334
2026-02-15 19:00:00,CL,50.256116941571236
2026-02-15 19:00:00,MARKET,50.334485387429595
2026-02-15 20:00:00,MARKET,50.26293856712679
2026-02-16 04:00:00,MARKET,50.11002762028231
2026-02-16 04:00:00,NQ,50.51464782655239
2026-02-16 05:00:00,MARKET,50.297742607071996
2026-02-16 05:00:00,NQ,50.83506270498037
2026-02-16 06:00:00,ES,50.59107556194067
2026-02-16 06:00:00,MARKET,49.72757117512325
2026-02-16 07:00:00,6E,50.64706075191498
2026-02-16 07:00:00,MARKET,50.228706961497664
2026-02-16 08:00:00,MARKET,50.20289450651035
2026-02-16 09:00:00,MARKET,50.20132622565143
2026-02-16 10:00:00,6A,50.593061212450266
2026-02-16 10:00:00,CL,50.17401698231697
2026-02-16 10:00:00,MARKET,50.49400816922291
2026-02-16 11:00:00,MARKET,50.1043559374431
2026-02-16 12:00:00,GC,51.41654362529516
2026-02-16 12:00:00,MARKET,49.77096076409977
2026-02-16 12:00:00,NQ,51.03189683705568
2026-02-16 13:00:00,MARKET,49.40663809474144
2026-02-16 13:00:00,NQ,51.36899986118078
2026-02-16 14:00:00,MARKET,50.19046521952583
2026-02-16 14:00:00,NQ,50.105325900018215
2026-02-16 15:00:00,MARKET,50.14784803148359
2026-02-16 16:00:00,MARKET,48.5587839409709
2026-02-16 17:00:00,CL,48.848006784915924
2026-02-16 17:00:00,MARKET,50.182598126120865
2026-02-16 18:00:00,CL,45.69772011041641
2026-02-16 18:00:00,GC,51.103602543473244
2026-02-16 18:00:00,NQ,51.130322254262865
2026-02-16 19:00:00,MARKET,50.19855895700554
2026-02-16 20:00:00,MARKET,50.057051219046116
2026-02-16 20:00:00,NQ,50.805252611637115
2026-02-16 21:00:00,MARKET,49.077647887170315
2026-02-17 04:00:00,MARKET,50.15367443673313
2026-02-17 05:00:00,6E,50.40351543575525
2026-02-17 05:00:00,MARKET,50.17705659890039
2026-02-17 06:00:00,MARKET,50.28100262682598
2026-02-17 07:00:00,MARKET,49.906489247921854
2026-02-17 07:00:00,NQ,52.89509494975209
2026-02-17 08:00:00,MARKET,50.392248222604394
2026-02-17 09:00:00,MARKET,50.20328557041163
2026-02-17 10:00:00,6E,38.875713884830475
2026-02-17 10:00:00,MARKET,49.826178993521765
2026-02-17 10:00:00,NQ,52.60311006754637
2026-02-17 11:00:00,GC,50.280696615576744
2026-02-17 11:00:00,MARKET,49.61120034568012
2026-02-17 11:00:00,NQ,50.280696615576744
2026-02-17 12:00:00,MARKET,50.30061006122692
2026-02-17 13:00:00,MARKET,50.122733026277274
2026-02-17 13:00:00,NQ,48.54723842814565
2026-02-17 14:00:00,MARKET,50.94965255858066
2026-02-17 14:00:00,NQ,45.56762742996216
2026-02-17 15:00:00,MARKET,50.16062346752733
2026-02-17 15:00:00,NQ,46.14058344066143
2026-02-17 16:00:00,6E,54.05236057192087
2026-02-17 16:00:00,MARKET,50.25149093940854
2026-02-17 16:00:00,NQ,49.42684196308255
2026-02-17 17:00:00,ES,49.1277846544981
2026-02-17 17:00:00,MARKET,50.217690451277626
2026-02-17 17:00:00,NQ,52.34114773198962
2026-02-17 18:00:00,ES,49.95143333077431
2026-02-17 18:00:00,MARKET,49.248877139762044
2026-02-17 18:00:00,NQ,49.11820325119929
2026-02-17 19:00:00,CL,47.28485372662544
2026-02-17 19:00:00,MARKET,50.355764653068036
2026-02-17 19:00:00,NG,47.28485372662544
2026-02-17 19:00:00,NQ,49.91861712932587
2026-02-17 20:00:00,CL,53.75168624892831
2026-02-17 20:00:00,ES,44.90136156976223
2026-02-17 20:00:00,MARKET,49.98326856829226
2026-02-17 20:00:00,NQ,48.33188258359829
2026-02-17 21:00:00,MARKET,49.05055968711773
2026-02-17 21:00:00,NQ,49.253020633012056
2026-02-18 01:00:00,MARKET,47.544004186056554
2026-02-18 03:00:00,MARKET,50.06256418613096
2026-02-18 04:00:00,MARKET,50.20371722988784
2026-02-18 04:00:00,NQ,50.38957718014717
2026-02-18 05:00:00,CL,50.59544771909714
2026-02-18 05:00:00,MARKET,50.2139813794444
2026-02-18 05:00:00,NQ,50.60952824354172
2026-02-18 06:00:00,MARKET,50.17585368488323
2026-02-18 07:00:00,MARKET,49.30317322293726
2026-02-18 08:00:00,MARKET,50.21603247795541
2026-02-18 09:00:00,MARKET,50.32782796397805
2026-02-18 10:00:00,MARKET,50.23900591954589
2026-02-18 11:00:00,6E,50.79291069507599
2026-02-18 11:00:00,CL,38.77093621715903
2026-02-18 11:00:00,MARKET,50.306678822264075
2026-02-18 12:00:00,MARKET,50.206625468351625
2026-02-18 13:00:00,CL,56.627977918833494
2026-02-18 13:00:00,MARKET,50.43566778612634
2026-02-18 13:00:00,NQ,43.57126723974943
2026-02-18 14:00:00,CL,38.41726412624121
2026-02-18 14:00:00,ES,49.56286705285311
2026-02-18 14:00:00,MARKET,50.10508693509588
2026-02-18 14:00:00,NQ,49.85834413766861
2026-02-18 15:00:00,MARKET,50.087915597897435
2026-02-18 15:00:00,NQ,50.63294763863087
2026-02-18 16:00:00,MARKET,49.263138707727194
2026-02-18 17:00:00,6E,60.32488654181361
2026-02-18 17:00:00,GC,50.65011391043663
2026-02-18 17:00:00,MARKET,50.259514071254266
2026-02-18 17:00:00,NQ,50.65011391043663
2026-02-18 18:00:00,ES,49.99775981903076
2026-02-18 18:00:00,MARKET,50.44761060591554
2026-02-18 18:00:00,NQ,47.2363357283175
2026-02-18 19:00:00,CL,53.059453174471855
2026-02-18 19:00:00,MARKET,49.040325958631
2026-02-18 19:00:00,NG,47.345773845911026
2026-02-18 19:00:00,NQ,47.58185273036361
2026-02-18 20:00:00,MARKET,49.72827169609567
2026-02-18 21:00:00,CL,49.21795292198658
2026-02-18 21:00:00,MARKET,50.1757641778224
2026-02-18 22:00:00,MARKET,48.825607895851135
2026-02-19 03:00:00,MARKET,50.12516275048256
2026-02-19 03:00:00,NQ,49.6270709335804
2026-02-19 04:00:00,MARKET,50.216609404732786
2026-02-19 04:00:00,NQ,50.61839075386524
2026-02-19 05:00:00,MARKET,50.21740745054558
2026-02-19 06:00:00,MARKET,50.16153386276629
2026-02-19 07:00:00,6E,50.39296431839466
2026-02-19 07:00:00,MARKET,50.20982646383345
2026-02-19 08:00:00,MARKET,50.2363191768527
2026-02-19 09:00:00,6E,39.653848603367805
2026-02-19 09:00:00,MARKET,49.94635697454214
2026-02-19 10:00:00,6E,48.49742177128792
2026-02-19 10:00:00,MARKET,50.153059843842954
2026-02-19 11:00:00,MARKET,50.415548438375644
2026-02-19 12:00:00,CL,51.200873881578445
2026-02-19 12:00:00,MARKET,50.74950634269044
2026-02-19 13:00:00,MARKET,49.81429160286028
2026-02-19 13:00:00,NQ,47.62411452829838
2026-02-19 14:00:00,ES,49.43624917417765
2026-02-19 14:00:00,MARKET,50.1672184223739
2026-02-19 14:00:00,NQ,52.24837688356638
2026-02-19 15:00:00,6E,49.02982224524021
2026-02-19 15:00:00,MARKET,49.907339880161956
2026-02-19 16:00:00,MARKET,50.32108552986756
2026-02-19 17:00:00,6A,61.118682488799095
2026-02-19 17:00:00,CL,53.43007627874613
2026-02-19 17:00:00,MARKET,48.87455958407372
2026-02-19 17:00:00,NQ,49.19082993268967
2026-02-19 18:00:00,MARKET,49.63907171306865
2026-02-19 18:00:00,NQ,49.18462189286947
2026-02-19 19:00:00,6E,50.6029904037714
2026-02-19 19:00:00,CL,57.75287961959839
2026-02-19 19:00:00,MARKET,50.292512057349086
2026-02-19 19:00:00,NQ,47.194350719451904
2026-02-19 20:00:00,CL,50.48856922239065
2026-02-19 20:00:00,ES,47.74431950598955
2026-02-19 20:00:00,MARKET,49.97459943406284
2026-02-19 20:00:00,NQ,49.300249710679054
2026-02-19 21:00:00,CL,53.407465513795614
2026-02-19 21:00:00,MARKET,49.32794065887315
2026-02-19 21:00:00,NG,56.33370542526245
2026-02-20 03:00:00,MARKET,49.94182661175728
2026-02-20 04:00:00,GC,50.833563305437565
2026-02-20 04:00:00,MARKET,50.17952180374414
2026-02-20 04:00:00,NQ,55.99715967476368
2026-02-20 05:00:00,MARKET,50.364353543014396
2026-02-20 06:00:00,CL,59.2016239259392
2026-02-20 06:00:00,MARKET,50.18649906758219
2026-02-20 07:00:00,GC,50.67367380857468
2026-02-20 07:00:00,MARKET,49.943934224080294
2026-02-20 08:00:00,MARKET,50.19782822486013
2026-02-20 09:00:00,MARKET,50.23663649695333
2026-02-20 10:00:00,6E,60.035703003406525
2026-02-20 10:00:00,MARKET,49.65082625253126
2026-02-20 11:00:00,MARKET,50.119318947704
2026-02-20 12:00:00,MARKET,50.098812792566605
2026-02-20 13:00:00,MARKET,49.83852592952274
2026-02-20 14:00:00,ES,49.45131943374872
2026-02-20 14:00:00,MARKET,49.98613628065761
2026-02-20 14:00:00,NQ,44.57023015245795
2026-02-20 15:00:00,GC,50.82232851535082
2026-02-20 15:00:00,MARKET,49.32380161030839
2026-02-20 15:00:00,NQ,48.09600326791406
2026-02-20 16:00:00,MARKET,49.97402063371347
2026-02-20 17:00:00,MARKET,50.113730159484675
2026-02-20 17:00:00,NQ,48.86187682300806
2026-02-20 18:00:00,MARKET,49.9802777068338
2026-02-20 18:00:00,NQ,48.745831709355116
2026-02-20 19:00:00,CL,49.47000193595886
2026-02-20 19:00:00,MARKET,50.23521891129868
2026-02-20 20:00:00,ES,49.45097105950117
2026-02-20 20:00:00,MARKET,48.23402616661042
2026-02-20 20:00:00,NQ,48.025229093929134
2026-02-20 21:00:00,MARKET,50.31579266333332
2026-02-20 21:00:00,NQ,47.547460317611694
2026-02-21 05:00:00,MARKET,50.390250058844686
2026-02-21 06:00:00,MARKET,50.43351240642369
2026-02-21 07:00:00,MARKET,50.422210512416704
2026-02-21 08:00:00,6E,50.80616067349911
2026-02-21 08:00:00,MARKET,50.313333456094064
2026-02-21 09:00:00,MARKET,50.304298708215356
2026-02-21 10:00:00,MARKET,49.94307545945048
2026-02-21 17:00:00,MARKET,53.522529788315296
2026-02-21 19:00:00,MARKET,50.28761452995241
2026-02-21 20:00:00,MARKET,50.220617529315255
2026-02-21 21:00:00,MARKET,50.23760352283716
2026-02-22 08:00:00,MARKET,50.24721768335439
2026-02-22 09:00:00,MARKET,50.25445648313811
2026-02-22 10:00:00,MARKET,50.212991267908365
2026-02-22 11:00:00,MARKET,50.211136690340936
2026-02-22 12:00:00,MARKET,50.31892993797859
2026-02-22 13:00:00,MARKET,49.935742494029306
2026-02-22 14:00:00,MARKET,50.19402773003094
2026-02-22 15:00:00,MARKET,50.25125774022724
2026-02-22 15:00:00,NQ,49.99990974366665
2026-02-22 16:00:00,6E,54.83068646490574
2026-02-22 17:00:00,MARKET,50.199049804359674
2026-02-22 18:00:00,MARKET,50.73500964857106
2026-02-22 18:00:00,NQ,50.59741806983948
2026-02-22 19:00:00,GC,50.48279346525669
2026-02-22 19:00:00,MARKET,50.24115929566324
2026-02-22 20:00:00,MARKET,50.34550636075437
2026-02-22 21:00:00,MARKET,49.690288761630654
2026-02-23 03:00:00,MARKET,50.692240661010146
2026-02-23 03:00:00,NQ,50.21390786767006
2026-02-23 04:00:00,MARKET,50.204132791453354
2026-02-23 05:00:00,GC,50.60211318731308
2026-02-23 05:00:00,MARKET,50.25247777812183
2026-02-23 06:00:00,MARKET,50.248043009778485
2026-02-23 07:00:00,MARKET,50.22620739448549
2026-02-23 08:00:00,GC,50.73895998299122
2026-02-23 08:00:00,MARKET,50.21701393183321
2026-02-23 09:00:00,MARKET,50.303621511906385
2026-02-23 10:00:00,MARKET,49.98142585065216
2026-02-23 11:00:00,MARKET,48.64696486994786
2026-02-23 12:00:00,MARKET,50.036694979130786
2026-02-23 13:00:00,ES,50.91980776935816
2026-02-23 13:00:00,GC,50.91980776935816
2026-02-23 13:00:00,MARKET,49.96132131030952
2026-02-23 13:00:00,NQ,47.70100318547338
2026-02-23 14:00:00,CL,49.08513732999563
2026-02-23 14:00:00,ES,49.40978638827801
2026-02-23 14:00:00,MARKET,49.094085902906954
2026-02-23 14:00:00,NQ,46.81126884371042
2026-02-23 15:00:00,MARKET,49.964214550952114
2026-02-23 15:00:00,NQ,46.809066593647
2026-02-23 16:00:00,6E,60.7767381221056
2026-02-23 16:00:00,CL,56.47966730594635
2026-02-23 16:00:00,GC,50.589188650250435
2026-02-23 16:00:00,MARKET,50.2013922120548
2026-02-23 16:00:00,NQ,51.1174547476694
2026-02-23 16:00:00,SI,52.5379129704088
2026-02-23 17:00:00,ES,49.55395668745041
2026-02-23 17:00:00,MARKET,51.16977090598084
2026-02-23 18:00:00,6A,50.037700705230236
2026-02-23 18:00:00,CL,50.127490133047104
2026-02-23 18:00:00,GC,50.53135025501251
2026-02-23 18:00:00,MARKET,50.28527465474326
2026-02-23 18:00:00,NQ,49.077284559607506
2026-02-23 19:00:00,6A,50.602112114429474
2026-02-23 19:00:00,CL,38.50792039372027
2026-02-23 19:00:00,MARKET,49.754300419784464
2026-02-23 19:00:00,NG,38.52968667075038
2026-02-23 20:00:00,CL,48.88909276202321
2026-02-23 20:00:00,ES,49.839833810925484
2026-02-23 20:00:00,MARKET,49.14905208332295
2026-02-23 20:00:00,NQ,49.839833810925484
2026-02-23 21:00:00,CL,50.405205339193344
2026-02-23 21:00:00,MARKET,48.886644626036286
2026-02-23 23:00:00,MARKET,51.195516707375646
2026-02-24 00:00:00,NQ,52.006037812680006
2026-02-24 03:00:00,MARKET,50.12294268235564
2026-02-24 04:00:00,MARKET,50.331566837350174
2026-02-24 05:00:00,MARKET,50.25461710174568
2026-02-24 06:00:00,MARKET,50.2044256192378
2026-02-24 07:00:00,MARKET,50.266842046643006
2026-02-24 08:00:00,MARKET,50.12867806770373
2026-02-24 08:00:00,NQ,50.096033588051796
2026-02-24 09:00:00,CL,52.84091518819332
2026-02-24 09:00:00,MARKET,50.47872127447691
2026-02-24 10:00:00,MARKET,50.23472639545798
2026-02-24 10:00:00,NQ,50.345573864877224
2026-02-24 11:00:00,MARKET,51.23890662845224
2026-02-24 11:00:00,NQ,49.04504218604416
2026-02-24 12:00:00,6E,60.57420037314296
2026-02-24 12:00:00,MARKET,50.45569316484034
2026-02-24 13:00:00,CL,50.321839936077595
2026-02-24 13:00:00,MARKET,50.38133259777996
2026-02-24 14:00:00,6A,58.301714185625315
2026-02-24 14:00:00,6E,50.87118852883577
2026-02-24 14:00:00,CL,45.22929698228836
2026-02-24 14:00:00,ES,49.45103091746569
2026-02-24 14:00:00,MARKET,49.74741257649536
2026-02-24 14:00:00,NQ,50.17642316709344
2026-02-24 15:00:00,6A,50.34743920713663
2026-02-24 15:00:00,MARKET,50.09757441420365
2026-02-24 15:00:00,NQ,47.507537715137005
2026-02-24 16:00:00,MARKET,49.7894947496908
2026-02-24 16:00:00,NQ,49.50117188692093
2026-02-24 17:00:00,MARKET,50.35927492617206
2026-02-24 17:00:00,NQ,49.45719648897648
2026-02-24 18:00:00,MARKET,49.130922442894764
2026-02-24 18:00:00,NQ,48.645989149808884
2026-02-24 19:00:00,CL,38.49747832491994
2026-02-24 19:00:00,MARKET,50.01168203540146
2026-02-24 19:00:00,NG,38.52688065543771
2026-02-24 19:00:00,NQ,60.40235537663102
2026-02-24 20:00:00,ES,48.020882088690996
2026-02-24 20:00:00,GC,50.913294807076454
2026-02-24 20:00:00,MARKET,50.13298524937664
2026-02-24 20:00:00,NQ,48.81505232180158
2026-02-24 21:00:00,CL,47.05349513888359
2026-02-24 21:00:00,MARKET,51.86211617756635
2026-02-24 21:00:00,NQ,49.208568811416626
2026-02-25 03:00:00,NQ,49.98964935541153
2026-02-25 04:00:00,CL,50.16673098504543
2026-02-25 04:00:00,MARKET,50.32693357672542
2026-02-25 04:00:00,NQ,50.77548509836197
2026-02-25 05:00:00,GC,42.42555305361748
2026-02-25 05:00:00,MARKET,50.15256214948992
2026-02-25 06:00:00,MARKET,49.890453388382284
2026-02-25 07:00:00,MARKET,49.41390188410878
2026-02-25 07:00:00,NQ,49.47300835698843
2026-02-25 08:00:00,6E,50.78997727483511
2026-02-25 08:00:00,MARKET,50.16377886624208
2026-02-25 09:00:00,MARKET,50.789050666396236
2026-02-25 10:00:00,MARKET,50.78394137788564
2026-02-25 10:00:00,NQ,41.42697101831436
2026-02-25 11:00:00,ES,50.16161838173866
2026-02-25 11:00:00,MARKET,49.93692017509602
2026-02-25 11:00:00,NQ,50.386816561222076
2026-02-25 12:00:00,CL,55.79785716161132
2026-02-25 12:00:00,MARKET,50.54069869406521
2026-02-25 12:00:00,NQ,51.46361876279116
2026-02-25 13:00:00,6E,50.81784585118294
2026-02-25 13:00:00,CL,56.644815787673
2026-02-25 13:00:00,MARKET,49.742052184604105
2026-02-25 13:00:00,NQ,44.10523544251919
2026-02-25 14:00:00,6A,60.442374125123024
2026-02-25 14:00:00,CL,60.442374125123024
2026-02-25 14:00:00,ES,49.672817058861256
2026-02-25 14:00:00,MARKET,50.185222580097616
2026-02-25 14:00:00,NQ,49.672817058861256
2026-02-25 15:00:00,6E,57.41358208656311
2026-02-25 15:00:00,CL,53.93732528090477
2026-02-25 15:00:00,MARKET,50.71838938398287
2026-02-25 15:00:00,NQ,49.37787112407386
2026-02-25 16:00:00,CL,43.93243678659201
2026-02-25 16:00:00,MARKET,50.424796091392636
2026-02-25 16:00:00,NQ,49.4408437948674
2026-02-25 17:00:00,MARKET,50.356137808877975
2026-02-25 17:00:00,NQ,52.79913882538676
2026-02-25 18:00:00,6A,51.02278696000576
2026-02-25 18:00:00,CL,51.02278696000576
2026-02-25 18:00:00,MARKET,49.57761316622297
2026-02-25 18:00:00,NG,39.13635363429785
2026-02-25 18:00:00,NQ,46.479255733639
2026-02-25 19:00:00,CL,49.57372795417905
2026-02-25 19:00:00,ES,51.096068665385246
2026-02-25 19:00:00,GC,45.392128862440586
2026-02-25 19:00:00,MARKET,50.498796249739826
2026-02-25 19:00:00,NQ,50.40641729533672
2026-02-25 19:00:00,SI,45.392128862440586
2026-02-25 20:00:00,ES,49.26121152192354
2026-02-25 20:00:00,MARKET,50.019766667857766
2026-02-25 20:00:00,NQ,47.471834771335125
2026-02-25 21:00:00,MARKET,50.39536145449217
2026-02-25 21:00:00,NQ,53.27799616055563
2026-02-25 23:00:00,MARKET,46.176181342452765
2026-02-26 04:00:00,6A,50.72718991339207
2026-02-26 04:00:00,CL,50.937702998518944
2026-02-26 04:00:00,MARKET,50.17298807390034
2026-02-26 04:00:00,NQ,49.67654159665108
2026-02-26 05:00:00,MARKET,50.22197867898891
2026-02-26 05:00:00,NQ,50.31449410319328
2026-02-26 06:00:00,6E,60.7806020565331
2026-02-26 06:00:00,MARKET,50.33150874916464
2026-02-26 07:00:00,MARKET,51.18173767553849
2026-02-26 08:00:00,MARKET,50.24315047543496
2026-02-26 09:00:00,CL,50.486272156238556
2026-02-26 09:00:00,MARKET,50.15530411154032
2026-02-26 10:00:00,MARKET,49.84691799015683
2026-02-26 11:00:00,CL,52.630082942545414
2026-02-26 11:00:00,MARKET,49.62473243813623
2026-02-26 12:00:00,MARKET,49.85600229854194
2026-02-26 13:00:00,CL,50.4512796998024
2026-02-26 13:00:00,MARKET,49.67373035910229
2026-02-26 13:00:00,NQ,47.183979239314795
2026-02-26 14:00:00,CL,49.9234766215086
2026-02-26 14:00:00,ES,49.61112254112959
2026-02-26 14:00:00,MARKET,50.442273290111466
2026-02-26 14:00:00,NQ,46.49834245815873
2026-02-26 15:00:00,CL,41.06649739854038
2026-02-26 15:00:00,MARKET,49.80933526632093
2026-02-26 15:00:00,NG,50.10081297159195
2026-02-26 15:00:00,NQ,50.598544139415026
2026-02-26 16:00:00,MARKET,49.428139056121424
2026-02-26 16:00:00,NQ,49.57446388155222
2026-02-26 17:00:00,ES,51.92313326895237
2026-02-26 17:00:00,MARKET,49.25212518118011
2026-02-26 17:00:00,NQ,49.56262545287609
2026-02-26 18:00:00,CL,49.478178560733795
2026-02-26 18:00:00,MARKET,50.12857272464316
2026-02-26 18:00:00,NQ,51.0420609973371
2026-02-26 19:00:00,CL,38.50606384314597
2026-02-26 19:00:00,MARKET,49.80343216331676
2026-02-26 19:00:00,NG,38.507489608600736
2026-02-26 19:00:00,NQ,50.99318381984319
2026-02-26 20:00:00,ES,47.033196449279785
2026-02-26 20:00:00,GC,50.63331610709429
2026-02-26 20:00:00,MARKET,49.756406790443826
2026-02-26 20:00:00,NQ,50.38274438679218
2026-02-26 21:00:00,MARKET,48.331614705733955
2026-02-26 21:00:00,NQ,50.99897687882185
2026-02-27 04:00:00,MARKET,50.02176732163537
2026-02-27 05:00:00,MARKET,50.136450053458766
2026-02-27 06:00:00,MARKET,50.1252843633942
2026-02-27 07:00:00,MARKET,48.9828183564047
2026-02-27 08:00:00,6E,50.80422756075859
2026-02-27 08:00:00,MARKET,49.72735527344048
2026-02-27 09:00:00,MARKET,50.2285032402724
2026-02-27 10:00:00,6E,51.650967463850975
2026-02-27 10:00:00,MARKET,50.35512038040906
2026-02-27 10:00:00,NQ,53.081570357084274
2026-02-27 11:00:00,CL,58.55891279131174
2026-02-27 11:00:00,MARKET,50.525452456098385
2026-02-27 12:00:00,CL,52.03806362301111
2026-02-27 12:00:00,MARKET,50.17138335388154
2026-02-27 13:00:00,MARKET,50.01530829188414
2026-02-27 13:00:00,NQ,54.44171242043376
2026-02-27 14:00:00,CL,46.9767801836133
2026-02-27 14:00:00,ES,49.40248119086027
2026-02-27 14:00:00,MARKET,49.033987881072484
2026-02-27 14:00:00,NQ,49.40248119086027
2026-02-27 15:00:00,ES,50.73896078765392
2026-02-27 15:00:00,MARKET,49.18920085687811
2026-02-27 16:00:00,MARKET,49.98225380356113
2026-02-27 16:00:00,NQ,48.2206394597888
2026-02-27 17:00:00,ES,51.38730323314667
2026-02-27 17:00:00,GC,49.497088961303234
2026-02-27 17:00:00,MARKET,49.55034581079547
2026-02-27 18:00:00,CL,51.33100851625204
2026-02-27 18:00:00,MARKET,49.93913451542279
2026-02-27 18:00:00,NQ,49.0790830925107
2026-02-27 19:00:00,CL,52.885961413383484
2026-02-27 19:00:00,MARKET,49.95067184790969
2026-02-27 20:00:00,ES,49.60945883393288
2026-02-27 20:00:00,MARKET,49.446486845346435
2026-02-27 20:00:00,NQ,48.715987261384726
2026-02-27 21:00:00,CL,50.024708554148674
2026-02-27 21:00:00,MARKET,50.58105445699766
2026-02-27 22:00:00,6A,50.629421539604664
2026-02-27 22:00:00,CL,50.24181529134512
2026-02-27 22:00:00,MARKET,50.17962086945772
2026-02-28 06:00:00,MARKET,50.25117152525733
2026-02-28 07:00:00,MARKET,50.212233290076256
2026-02-28 08:00:00,MARKET,50.19987073593906
2026-02-28 09:00:00,MARKET,50.191275277757086
2026-02-28 13:00:00,MARKET,48.57301509580933
2026-02-28 14:00:00,6A,49.13352147489786
2026-02-28 14:00:00,MARKET,49.36777370699149
2026-02-28 15:00:00,CL,55.80017372965813
2026-02-28 15:00:00,MARKET,49.36058300198056
2026-02-28 16:00:00,MARKET,49.43077493712983
2026-02-28 17:00:00,MARKET,49.04216713582476
2026-02-28 18:00:00,MARKET,48.59754769690335
2026-02-28 19:00:00,6A,50.63116926699877
2026-02-28 19:00:00,MARKET,49.382023878176426
2026-02-28 20:00:00,MARKET,50.736723953159526
2026-02-28 21:00:00,MARKET,49.509053357566394
2026-02-28 22:00:00,MARKET,53.90706851147115
2026-03-01 00:00:00,CL,49.666023313999176
2026-03-01 00:00:00,MARKET,47.749667977914214
2026-03-01 01:00:00,MARKET,48.48759880954666
2026-03-01 02:00:00,MARKET,50.48856153152883
2026-03-01 03:00:00,6A,49.56352600455284
2026-03-01 03:00:00,CL,46.969707142561674
2026-03-01 03:00:00,MARKET,46.999145585577935
2026-03-01 04:00:00,MARKET,49.00952940341085
2026-03-01 05:00:00,MARKET,49.2346280105412
2026-03-01 06:00:00,MARKET,49.18354297988117
2026-03-01 07:00:00,MARKET,50.31611758594712
2026-03-01 08:00:00,CL,57.624229460954666
2026-03-01 08:00:00,MARKET,49.342949856072664
2026-03-01 09:00:00,MARKET,50.23065045941621
2026-03-01 10:00:00,MARKET,50.13672416408857
2026-03-01 11:00:00,CL,51.961151785217226
2026-03-01 11:00:00,MARKET,50.20674507133663
2026-03-01 12:00:00,6E,50.328513495624065
2026-03-01 12:00:00,CL,39.19610046595335
2026-03-01 12:00:00,MARKET,51.093191164545715
2026-03-01 13:00:00,MARKET,50.12959597499243
2026-03-01 13:00:00,NG,40.40739640593529
2026-03-01 14:00:00,CL,38.51349909231067
2026-03-01 14:00:00,MARKET,49.42019372712821
2026-03-01 15:00:00,MARKET,50.05419934168458
2026-03-01 16:00:00,6A,49.88121609389782
2026-03-01 16:00:00,CL,42.29108998179436
2026-03-01 16:00:00,MARKET,49.53802960924804
2026-03-01 17:00:00,MARKET,49.37741672886269
2026-03-01 18:00:00,6E,51.160124242305756
2026-03-01 18:00:00,MARKET,48.87264476571646
2026-03-01 19:00:00,MARKET,49.63427672576573
2026-03-01 20:00:00,MARKET,50.051858679391444
2026-03-01 21:00:00,MARKET,49.78351303272777
2026-03-01 23:00:00,NQ,38.75244216248393
2026-03-02 00:00:00,MARKET,47.91291109286249
2026-03-02 01:00:00,CL,49.01987162977457
2026-03-02 01:00:00,MARKET,47.09593266248703
2026-03-02 02:00:00,MARKET,49.94052725844085
2026-03-02 03:00:00,MARKET,49.036966976709664
2026-03-02 04:00:00,CL,50.36489602923393
2026-03-02 04:00:00,MARKET,50.096483071683906
2026-03-02 05:00:00,CL,49.97943805158138
2026-03-02 05:00:00,MARKET,49.847537516616285
2026-03-02 06:00:00,MARKET,49.910876121371984
2026-03-02 07:00:00,CL,44.913057666271925
2026-03-02 07:00:00,MARKET,49.6592068237563
2026-03-02 08:00:00,MARKET,50.061180216725916
2026-03-02 09:00:00,MARKET,50.2719876691699
2026-03-02 10:00:00,CL,45.10425539314747
2026-03-02 10:00:00,MARKET,49.38194140084088
2026-03-02 11:00:00,CL,48.25161459296942
2026-03-02 11:00:00,MARKET,49.83892530312433
2026-03-02 12:00:00,6E,51.437023751437664
2026-03-02 12:00:00,CL,50.3455181196332
2026-03-02 12:00:00,GC,50.806661173701286
2026-03-02 12:00:00,MARKET,49.453618037847
2026-03-02 13:00:00,6A,59.251861706376076
2026-03-02 13:00:00,6E,43.749346539378166
2026-03-02 13:00:00,MARKET,49.935889295819734
2026-03-02 13:00:00,NQ,51.94794633984566
2026-03-02 14:00:00,6E,54.9664210267365
2026-03-02 14:00:00,ES,49.52361176162958
2026-03-02 14:00:00,MARKET,50.05115814642826
2026-03-02 14:00:00,NQ,50.63539058063179
2026-03-02 15:00:00,6A,50.29745410382748
2026-03-02 15:00:00,MARKET,50.02819480479605
2026-03-02 16:00:00,CL,55.192244589328766
2026-03-02 16:00:00,MARKET,49.696777441933975
2026-03-02 16:00:00,NQ,49.49332374334335
2026-03-02 17:00:00,6A,50.3005867600441
2026-03-02 17:00:00,CL,39.59456080943346
2026-03-02 17:00:00,ES,51.18899084627628
2026-03-02 17:00:00,MARKET,49.421157378237695
2026-03-02 17:00:00,NQ,46.34058094769716
2026-03-02 18:00:00,CL,40.60615113377571
2026-03-02 18:00:00,MARKET,49.470610982738435
2026-03-02 18:00:00,NQ,49.271674908697605
2026-03-02 19:00:00,CL,53.14163876324892
2026-03-02 19:00:00,MARKET,48.3799530569188
2026-03-02 19:00:00,NG,44.34756037592888
2026-03-02 20:00:00,CL,51.7681142333895
2026-03-02 20:00:00,ES,49.317098051309586
2026-03-02 20:00:00,MARKET,49.35101272779758
2026-03-02 20:00:00,NQ,49.819314420223236
2026-03-02 21:00:00,CL,43.65938498079777
2026-03-02 21:00:00,MARKET,49.181393664078534
2026-03-02 21:00:00,NQ,47.70644588768482
2026-03-02 23:00:00,MARKET,47.37813382409513
2026-03-03 00:00:00,6A,44.29666308313608
2026-03-03 00:00:00,MARKET,48.693164221942425
2026-03-03 01:00:00,MARKET,48.998717771222196
2026-03-03 02:00:00,6A,57.06918325275183
2026-03-03 02:00:00,MARKET,50.17058929350848
2026-03-03 03:00:00,MARKET,49.96196203865111
2026-03-03 04:00:00,CL,50.163807913661
2026-03-03 04:00:00,MARKET,49.675933259672355
2026-03-03 05:00:00,CL,50.48226650059223
2026-03-03 05:00:00,GC,50.67098840326071
2026-03-03 05:00:00,MARKET,50.03928220520417
2026-03-03 05:00:00,NQ,50.99313563108444
2026-03-03 06:00:00,CL,40.25733834505081
2026-03-03 06:00:00,MARKET,49.250575952464715
2026-03-03 07:00:00,6E,54.373507022857666
2026-03-03 07:00:00,CL,49.76203414797783
2026-03-03 07:00:00,MARKET,49.80314969194724
2026-03-03 07:00:00,NQ,50.599196285009384
2026-03-03 08:00:00,6E,49.47398282028735
2026-03-03 08:00:00,MARKET,50.21614431507058
2026-03-03 09:00:00,6E,38.88240300118923
2026-03-03 09:00:00,CL,50.091189831495285
2026-03-03 09:00:00,ES,51.92180906236172
2026-03-03 09:00:00,MARKET,50.052986931321875
2026-03-03 10:00:00,6E,54.68728019297123
2026-03-03 10:00:00,MARKET,48.78489260561764
2026-03-03 11:00:00,CL,48.73103788495064
2026-03-03 11:00:00,ES,50.507172755897045
2026-03-03 11:00:00,MARKET,50.40181338977577
2026-03-03 11:00:00,NQ,49.866848109290004
2026-03-03 12:00:00,6E,52.517160372808576
2026-03-03 12:00:00,CL,47.9647191464901
2026-03-03 12:00:00,MARKET,49.10252572464136
2026-03-03 13:00:00,CL,38.629333957098424
2026-03-03 13:00:00,GC,50.186437129974365
2026-03-03 13:00:00,MARKET,49.037566277500545
2026-03-03 13:00:00,NQ,49.4902768433094
2026-03-03 14:00:00,CL,42.659795965999365
2026-03-03 14:00:00,ES,49.46159951388836
2026-03-03 14:00:00,MARKET,49.139535017544404
2026-03-03 14:00:00,NQ,48.62959520108998
2026-03-03 15:00:00,6A,46.69127098843455
2026-03-03 15:00:00,CL,53.28774084895849
2026-03-03 15:00:00,GC,50.24282109737396
2026-03-03 15:00:00,MARKET,49.653107576693095
2026-03-03 15:00:00,NQ,52.641397416591644
2026-03-03 16:00:00,CL,55.68400349654257
2026-03-03 16:00:00,MARKET,49.69290790851986
2026-03-03 16:00:00,NQ,49.591155253350735
2026-03-03 17:00:00,6A,49.63111373782158
2026-03-03 17:00:00,CL,40.933344328776
2026-03-03 17:00:00,ES,50.495335541665554
2026-03-03 17:00:00,MARKET,49.38636428124651
2026-03-03 17:00:00,NQ,47.88988095521927
2026-03-03 18:00:00,6E,54.86596267670393
2026-03-03 18:00:00,CL,50.8847436234355
2026-03-03 18:00:00,MARKET,49.94787722360343
2026-03-03 18:00:00,NQ,49.04197321087122
2026-03-03 19:00:00,6A,51.40775793790817
2026-03-03 19:00:00,CL,52.8084087818861
2026-03-03 19:00:00,ES,43.436358228325844
2026-03-03 19:00:00,MARKET,49.76593453470351
2026-03-03 19:00:00,NG,44.31350316107273
2026-03-03 20:00:00,6E,50.49386723339558
2026-03-03 20:00:00,ES,51.117451056838036
2026-03-03 20:00:00,MARKET,49.844680139329284
2026-03-03 20:00:00,NQ,49.62078186869621
2026-03-03 21:00:00,6A,48.67402923107147
2026-03-03 21:00:00,CL,47.708372205495834
2026-03-03 21:00:00,MARKET,49.01134187524969
2026-03-03 21:00:00,NQ,47.679331459105015
2026-03-03 22:00:00,MARKET,49.261535009635345
2026-03-03 23:00:00,6A,52.2412376254797
2026-03-03 23:00:00,NQ,38.83163186907768
2026-03-04 00:00:00,MARKET,47.08090343978256
2026-03-04 03:00:00,6E,49.88810186088085
2026-03-04 03:00:00,NQ,49.88810186088085
2026-03-04 04:00:00,6A,43.908844500780106
2026-03-04 04:00:00,6E,50.5643597766757
2026-03-04 04:00:00,MARKET,50.2272282110957
2026-03-04 05:00:00,MARKET,50.274313563325755
2026-03-04 05:00:00,NQ,50.8237694427371
2026-03-04 06:00:00,MARKET,50.08357976439098
2026-03-04 06:00:00,NQ,51.440142437815666
2026-03-04 07:00:00,GC,50.48408950865269
2026-03-04 07:00:00,MARKET,50.10224252007902
2026-03-04 08:00:00,MARKET,50.36802168075855
2026-03-04 09:00:00,6A,49.47341330349445
2026-03-04 09:00:00,MARKET,50.29943615756929
2026-03-04 10:00:00,6E,50.197139993309975
2026-03-04 10:00:00,MARKET,50.14437761041336
2026-03-04 10:00:00,NQ,51.290835328400135
2026-03-04 11:00:00,MARKET,50.226727006956935
2026-03-04 12:00:00,6E,38.68679851666093
2026-03-04 12:00:00,MARKET,49.8537873364985
2026-03-04 12:00:00,NQ,50.769302885979414
2026-03-04 13:00:00,6E,60.04640244692564
2026-03-04 13:00:00,CL,52.97701682150364
2026-03-04 13:00:00,MARKET,49.99697993961022
2026-03-04 13:00:00,NQ,47.87811667844653
2026-03-04 14:00:00,CL,50.73941329866648
2026-03-04 14:00:00,ES,49.49481686204672
2026-03-04 14:00:00,MARKET,49.73474316501423
2026-03-04 14:00:00,NQ,49.25127990543842
2026-03-04 15:00:00,6A,45.22214472107589
2026-03-04 15:00:00,6E,39.60150087997317
2026-03-04 15:00:00,CL,52.21103513836861
2026-03-04 15:00:00,MARKET,49.47953548437605
2026-03-04 15:00:00,NQ,49.39576195552945
2026-03-04 16:00:00,6E,49.30280938744545
2026-03-04 16:00:00,CL,50.75953781604767
2026-03-04 16:00:00,MARKET,48.94470579084009
2026-03-04 17:00:00,6E,50.60397070646286
2026-03-04 17:00:00,CL,55.680225253105164
2026-03-04 17:00:00,ES,51.22886148095131
2026-03-04 17:00:00,MARKET,50.054364174773745
2026-03-04 18:00:00,6E,51.655753049999475
2026-03-04 18:00:00,CL,38.91379061341286
2026-03-04 18:00:00,ES,49.69258940964937
2026-03-04 18:00:00,HG,50.8335092253983
2026-03-04 18:00:00,MARKET,49.81203904518714
2026-03-04 18:00:00,NQ,50.14140306040645
2026-03-04 19:00:00,CL,59.031247705221176
2026-03-04 19:00:00,MARKET,49.44981321808882
2026-03-04 19:00:00,NG,56.13896346092224
2026-03-04 19:00:00,NQ,53.30745732039213
2026-03-04 20:00:00,6A,49.15332220122218
2026-03-04 20:00:00,6E,40.58364114165306
2026-03-04 20:00:00,CL,47.00981221348047
2026-03-04 20:00:00,ES,46.441333167254925
2026-03-04 20:00:00,MARKET,49.6090192788688
2026-03-04 20:00:00,NQ,49.49932871758938
2026-03-04 21:00:00,MARKET,49.19689458229446
2026-03-04 23:00:00,6A,45.097734808921814
2026-03-05 00:00:00,MARKET,49.36535328626633
2026-03-05 04:00:00,CL,50.522101417183876
2026-03-05 04:00:00,MARKET,50.25199070898816
2026-03-05 04:00:00,NQ,47.3830923140049
2026-03-05 05:00:00,MARKET,50.253736459999345
2026-03-05 05:00:00,NQ,50.01195330917835
2026-03-05 06:00:00,CL,38.92494247853756
2026-03-05 06:00:00,MARKET,50.197586413576374
2026-03-05 07:00:00,MARKET,49.92124362848699
2026-03-05 08:00:00,MARKET,49.945858235781394
2026-03-05 09:00:00,CL,45.52301836013794
2026-03-05 09:00:00,MARKET,50.50567108509131
2026-03-05 10:00:00,6E,47.62159585952759
2026-03-05 10:00:00,CL,50.162011817097664
2026-03-05 10:00:00,MARKET,50.15703863619516
2026-03-05 11:00:00,MARKET,49.72125058277295
2026-03-05 11:00:00,NQ,50.65009976178408
2026-03-05 12:00:00,MARKET,50.08390597807353
2026-03-05 13:00:00,GC,52.26376295089722
2026-03-05 13:00:00,MARKET,49.43259732825964
2026-03-05 13:00:00,NQ,48.3591991616413
2026-03-05 14:00:00,6E,50.60968863964081
2026-03-05 14:00:00,ES,49.46623430401087
2026-03-05 14:00:00,MARKET,49.870355927449616
2026-03-05 14:00:00,NQ,48.62194190174341
2026-03-05 15:00:00,6E,50.18584968149662
2026-03-05 15:00:00,MARKET,49.911202277988195
2026-03-05 15:00:00,NG,50.111412927508354
2026-03-05 16:00:00,CL,52.378738556057215
2026-03-05 16:00:00,MARKET,49.24816530495882
2026-03-05 16:00:00,NQ,49.69912204146385
2026-03-05 17:00:00,6E,39.085815988481045
2026-03-05 17:00:00,CL,38.9158574398607
2026-03-05 17:00:00,ES,52.81383730471134
2026-03-05 17:00:00,MARKET,49.29384035950837
2026-03-05 17:00:00,NQ,49.75852861255407
2026-03-05 18:00:00,6E,52.40939316526055
2026-03-05 18:00:00,CL,52.31221253424883
2026-03-05 18:00:00,ES,47.05254143476486
2026-03-05 18:00:00,MARKET,50.02234640686462
2026-03-05 18:00:00,NQ,51.14867603778839
2026-03-05 19:00:00,6A,51.08945954591036
2026-03-05 19:00:00,6E,51.08945954591036
2026-03-05 19:00:00,CL,51.48868888989091
2026-03-05 19:00:00,MARKET,48.82034021138679
2026-03-05 20:00:00,6A,55.880572475492954
2026-03-05 20:00:00,CL,49.967633391264826
2026-03-05 20:00:00,ES,48.593966364860535
2026-03-05 20:00:00,MARKET,49.91491294062386
2026-03-05 20:00:00,NQ,50.14051082730293
2026-03-05 21:00:00,6E,56.75759816169739
2026-03-05 21:00:00,CL,50.71179850399494
2026-03-05 21:00:00,MARKET,49.48096825011695
2026-03-06 03:00:00,MARKET,50.0050407461822
2026-03-06 04:00:00,MARKET,50.09538792243058
2026-03-06 05:00:00,CL,49.82822409272194
2026-03-06 05:00:00,MARKET,50.19874223507941
2026-03-06 06:00:00,6E,50.16516953706741
2026-03-06 06:00:00,CL,49.1019848883152
2026-03-06 06:00:00,MARKET,50.527484311411776
2026-03-06 07:00:00,6E,58.547404050827026
2026-03-06 07:00:00,CL,50.3746085986495
2026-03-06 07:00:00,MARKET,50.4881450595955
2026-03-06 08:00:00,6A,50.40547152608633
2026-03-06 08:00:00,6E,60.315395534038544
2026-03-06 08:00:00,MARKET,50.95196488158157
2026-03-06 09:00:00,GC,50.678832456469536
2026-03-06 09:00:00,MARKET,50.41354900575243
2026-03-06 10:00:00,6E,39.05270091071725
2026-03-06 10:00:00,CL,49.721140407025814
2026-03-06 10:00:00,MARKET,48.925588859343215
2026-03-06 11:00:00,CL,52.22084970213473
2026-03-06 11:00:00,MARKET,50.13749265577644
2026-03-06 12:00:00,6B,49.845157861709595
2026-03-06 12:00:00,CL,59.98852453380823
2026-03-06 12:00:00,MARKET,50.8402147436411
2026-03-06 12:00:00,NQ,46.035510214976966
2026-03-06 13:00:00,CL,45.189692042768
2026-03-06 13:00:00,MARKET,50.05967444440882
2026-03-06 13:00:00,NQ,46.348196607615264
2026-03-06 14:00:00,CL,50.80033321119845
2026-03-06 14:00:00,ES,49.5678825378418
2026-03-06 14:00:00,MARKET,49.543645369792074
2026-03-06 14:00:00,NQ,46.13582497090101
2026-03-06 15:00:00,6A,50.87144719995558
2026-03-06 15:00:00,CL,41.29741679131985
2026-03-06 15:00:00,ES,49.81052251905203
2026-03-06 15:00:00,MARKET,49.89296111022122
2026-03-06 15:00:00,NQ,49.13148368895054
2026-03-06 16:00:00,6A,59.97189785540104
2026-03-06 16:00:00,CL,54.08618726208806
2026-03-06 16:00:00,GC,51.130841717123985
2026-03-06 16:00:00,MARKET,49.718173523856834
2026-03-06 16:00:00,NQ,47.44811466832956
2026-03-06 17:00:00,ES,50.01813589036465
2026-03-06 17:00:00,MARKET,49.43264167671177
2026-03-06 18:00:00,MARKET,49.81652007927187
2026-03-06 18:00:00,NQ,50.16807319223881
2026-03-06 19:00:00,6A,50.94713418185711
2026-03-06 19:00:00,CL,53.99235877394676
2026-03-06 19:00:00,MARKET,49.67823321552714
2026-03-06 20:00:00,6A,52.187241427600384
2026-03-06 20:00:00,CL,42.00010468065739
2026-03-06 20:00:00,ES,50.2076690942049
2026-03-06 20:00:00,MARKET,49.91652732511284
2026-03-06 20:00:00,NQ,49.953591749072075
2026-03-06 21:00:00,CL,52.818239618092775
2026-03-06 21:00:00,MARKET,51.16734079508619
2026-03-06 21:00:00,NQ,51.54672108590603
2026-03-06 22:00:00,MARKET,50.17098367214203
2026-03-06 23:00:00,6A,44.95780521631241
2026-03-06 23:00:00,CL,44.95780521631241
2026-03-06 23:00:00,MARKET,46.098310658708215
2026-03-07 00:00:00,6A,41.09559542685747
2026-03-07 00:00:00,CL,41.09559542685747
2026-03-07 01:00:00,MARKET,48.96836768835783
2026-03-07 02:00:00,6A,39.782134503126144
2026-03-07 02:00:00,CL,39.782134503126144
2026-03-07 02:00:00,MARKET,48.612044993788004
2026-03-07 03:00:00,MARKET,48.425589237362146
2026-03-07 06:00:00,MARKET,50.26197697035968
2026-03-07 07:00:00,MARKET,50.24830282665789
2026-03-07 08:00:00,MARKET,50.23548875935376
2026-03-07 09:00:00,MARKET,50.28772599995136
2026-03-07 10:00:00,MARKET,50.24394261650741
2026-03-07 11:00:00,MARKET,48.86006255323688
2026-03-07 13:00:00,MARKET,49.82509799068794
2026-03-07 15:00:00,MARKET,50.19247933290899
2026-03-07 16:00:00,MARKET,50.55349972099066
2026-03-07 17:00:00,6A,39.223603423684835
2026-03-07 17:00:00,6E,38.73834054917097
2026-03-07 17:00:00,MARKET,49.21379926676551
2026-03-07 18:00:00,6E,56.50518076866865
2026-03-07 18:00:00,MARKET,48.950086371041834
2026-03-07 19:00:00,6A,51.28091714531183
2026-03-07 19:00:00,CL,47.62039244174957
2026-03-07 19:00:00,MARKET,49.61597465987628
2026-03-07 20:00:00,6A,48.67620915919542
2026-03-07 20:00:00,CL,38.760303527116776
2026-03-07 20:00:00,MARKET,48.95259534319242
2026-03-07 21:00:00,CL,46.99343153089285
2026-03-07 21:00:00,MARKET,50.302035371821965
2026-03-07 22:00:00,6A,41.71458558738232
2026-03-07 22:00:00,MARKET,46.91804349422455
2026-03-07 23:00:00,MARKET,48.3028174812595
2026-03-08 02:00:00,6E,59.87086099758744
2026-03-08 02:00:00,MARKET,49.03274298994802
2026-03-08 03:00:00,CL,46.87639880180359
2026-03-08 03:00:00,MARKET,50.5123995244503
2026-03-08 05:00:00,MARKET,49.611427176743746
2026-03-08 07:00:00,MARKET,50.24894113238487
2026-03-08 08:00:00,MARKET,50.183357478429876
2026-03-08 09:00:00,MARKET,50.15644442290068
2026-03-08 10:00:00,NQ,49.788419887423515
2026-03-08 14:00:00,MARKET,50.147176885511726
2026-03-08 15:00:00,CL,38.429892379790545
2026-03-08 15:00:00,MARKET,49.64700621902011
2026-03-08 16:00:00,MARKET,49.66974007897079
2026-03-08 17:00:00,6A,49.553949534893036
2026-03-08 17:00:00,CL,49.553949534893036
2026-03-08 17:00:00,MARKET,50.0008540134877
2026-03-08 18:00:00,GC,56.77148500829935
2026-03-08 18:00:00,MARKET,50.15244255401194
2026-03-08 19:00:00,CL,49.545527666807175
2026-03-08 19:00:00,MARKET,49.80915470747277
2026-03-08 20:00:00,MARKET,50.24188341572881
2026-03-08 21:00:00,6A,50.06615096330643
2026-03-08 21:00:00,MARKET,50.6131915319711
2026-03-08 22:00:00,CL,49.152228850126264
2026-03-08 22:00:00,MARKET,45.629278691485524
2026-03-08 22:00:00,NQ,38.48337046429515
2026-03-08 23:00:00,MARKET,50.081190187484026
2026-03-09 01:00:00,6A,39.22018340602517
2026-03-09 01:00:00,CL,50.81803968548775
2026-03-09 01:00:00,MARKET,48.773982184939086
2026-03-09 03:00:00,MARKET,50.14655213803053
2026-03-09 03:00:00,NQ,50.33195881545544
2026-03-09 04:00:00,CL,50.247992753982544
2026-03-09 04:00:00,MARKET,50.16615234004954
2026-03-09 05:00:00,CL,50.79294281452894
2026-03-09 05:00:00,MARKET,50.20071997721162
2026-03-09 06:00:00,6A,50.40546913444996
2026-03-09 06:00:00,CL,49.5050473511219
2026-03-09 06:00:00,GC,49.73198388516903
2026-03-09 06:00:00,MARKET,50.357855051899186
2026-03-09 07:00:00,CL,50.90008318424225
2026-03-09 07:00:00,MARKET,50.21222949586809
2026-03-09 08:00:00,6E,59.49410277605057
2026-03-09 08:00:00,CL,51.40018320083618
2026-03-09 08:00:00,MARKET,50.172686260193586
2026-03-09 09:00:00,6E,51.346130296587944
2026-03-09 09:00:00,MARKET,50.265577945898734
2026-03-09 10:00:00,6E,45.5366747379303
2026-03-09 10:00:00,MARKET,49.04519397416152
2026-03-09 11:00:00,CL,50.19828113913536
2026-03-09 11:00:00,MARKET,48.88722463377884
2026-03-09 11:00:00,NQ,50.44328157603741
2026-03-09 12:00:00,6E,48.82803566008806
2026-03-09 12:00:00,MARKET,49.92707002264935
2026-03-09 12:00:00,NQ,50.88287015259266
2026-03-09 13:00:00,6A,48.84271875396371
2026-03-09 13:00:00,6E,61.05254187434912
2026-03-09 13:00:00,CL,49.874033998697996
2026-03-09 13:00:00,ES,51.02943669259548
2026-03-09 13:00:00,MARKET,50.27762525593457
2026-03-09 13:00:00,NQ,50.45386843383312
2026-03-09 14:00:00,CL,52.20056737679988
2026-03-09 14:00:00,MARKET,50.145073174225054
2026-03-09 14:00:00,NG,55.66443545743823
2026-03-09 15:00:00,6E,50.174443040043116
2026-03-09 15:00:00,CL,49.130706504519495
2026-03-09 15:00:00,MARKET,49.87032872799318
2026-03-09 15:00:00,NQ,54.702534798532724
2026-03-09 16:00:00,CL,45.53131712377071
2026-03-09 16:00:00,MARKET,49.879962726845406
2026-03-09 16:00:00,NQ,60.09379104524851
2026-03-09 17:00:00,CL,49.115077912807465
2026-03-09 17:00:00,ES,50.13991390168667
2026-03-09 17:00:00,MARKET,50.05534223661843
2026-03-09 18:00:00,CL,57.13731876015663
2026-03-09 18:00:00,MARKET,49.031520086340606
2026-03-09 18:00:00,NG,55.330379366874695
2026-03-09 18:00:00,NQ,39.304118767380714
2026-03-09 19:00:00,6E,51.59405951574445
2026-03-09 19:00:00,CL,47.93395905196667
2026-03-09 19:00:00,ES,46.48004322126508
2026-03-09 19:00:00,MARKET,49.70339786065252
2026-03-09 19:00:00,NQ,49.521775878965855
2026-03-09 20:00:00,CL,41.96990620344877
2026-03-09 20:00:00,MARKET,49.99130358383991
2026-03-09 20:00:00,NQ,50.22705938667059
2026-03-09 21:00:00,MARKET,50.07857245160267
2026-03-09 22:00:00,CL,48.74151385948062
2026-03-09 22:00:00,MARKET,49.8151486273855
2026-03-10 00:00:00,CL,48.29474165290594
2026-03-10 00:00:00,MARKET,49.541736245155334
2026-03-10 01:00:00,CL,42.37017138302326
2026-03-10 01:00:00,MARKET,51.80746050551534
2026-03-10 02:00:00,MARKET,49.6818608045578
2026-03-10 03:00:00,MARKET,50.52514442553123
2026-03-10 04:00:00,CL,50.567119501531124
2026-03-10 04:00:00,MARKET,50.02027679413844
2026-03-10 05:00:00,MARKET,50.491478847236266
2026-03-10 05:00:00,NQ,50.71995407342911
2026-03-10 06:00:00,CL,44.67193692177534
2026-03-10 06:00:00,MARKET,49.991608671844006
2026-03-10 07:00:00,MARKET,50.318006265110206
2026-03-10 07:00:00,NQ,53.62425182759762
2026-03-10 08:00:00,CL,60.05726807564497
2026-03-10 08:00:00,MARKET,50.230615925975144
2026-03-10 09:00:00,6A,50.32485929597169
2026-03-10 09:00:00,CL,49.79685456305742
2026-03-10 09:00:00,MARKET,49.93543712732693
2026-03-10 09:00:00,NQ,50.52278050780296
2026-03-10 10:00:00,6E,46.4118281416595
2026-03-10 10:00:00,MARKET,49.800732200965285
2026-03-10 11:00:00,MARKET,50.55537469452247
2026-03-10 12:00:00,6A,50.476834535598755
2026-03-10 12:00:00,CL,44.641552321612835
2026-03-10 12:00:00,MARKET,49.68491809775254
2026-03-10 13:00:00,ES,50.306477539241314
2026-03-10 13:00:00,MARKET,49.85477325479116
2026-03-10 13:00:00,NQ,49.548568395525216
2026-03-10 14:00:00,CL,50.92884946614504
2026-03-10 14:00:00,MARKET,49.6039160490036
2026-03-10 14:00:00,NQ,50.63502288609743
2026-03-10 15:00:00,CL,39.18031160533428
2026-03-10 15:00:00,MARKET,49.88760671451349
2026-03-10 16:00:00,CL,53.73887471109629
2026-03-10 16:00:00,MARKET,50.083320396235926
2026-03-10 16:00:00,NQ,49.57774034887552
2026-03-10 17:00:00,CL,47.98111636415124
2026-03-10 17:00:00,ES,49.777914613485336
2026-03-10 17:00:00,MARKET,48.67864421822808
2026-03-10 18:00:00,CL,43.696660751476884
2026-03-10 18:00:00,MARKET,49.273972612483284
2026-03-10 19:00:00,ES,48.387275237590075
2026-03-10 19:00:00,MARKET,49.72585966082988
2026-03-10 19:00:00,NQ,49.772891975939274
2026-03-10 20:00:00,6E,49.20250603556633
2026-03-10 20:00:00,MARKET,49.486410602195456
2026-03-10 21:00:00,MARKET,50.188851463608444
2026-03-11 00:00:00,CL,52.93189185857773
2026-03-11 00:00:00,MARKET,48.06924194097519
2026-03-11 01:00:00,CL,54.51796677708626
2026-03-11 01:00:00,MARKET,50.30134532600641
2026-03-11 01:00:00,NQ,50.90380407869816
2026-03-11 03:00:00,MARKET,49.96080759912729
2026-03-11 04:00:00,CL,50.9641168564558
2026-03-11 04:00:00,MARKET,50.197652311762795
2026-03-11 05:00:00,CL,50.048322185873985
2026-03-11 05:00:00,MARKET,50.23451534177487
2026-03-11 06:00:00,MARKET,49.864437968603205
2026-03-11 07:00:00,MARKET,50.34067724598572
2026-03-11 08:00:00,CL,50.21840959787369
2026-03-11 08:00:00,MARKET,49.95311341535013
2026-03-11 09:00:00,CL,50.19655865430832
2026-03-11 09:00:00,MARKET,49.4444532239471
2026-03-11 10:00:00,CL,52.78585962951183
2026-03-11 10:00:00,MARKET,50.023763146692595
2026-03-11 11:00:00,CL,51.41212473809719
2026-03-11 11:00:00,MARKET,49.72245638857463
2026-03-11 11:00:00,NQ,50.24602749943733
2026-03-11 12:00:00,CL,49.9240182377398
2026-03-11 12:00:00,MARKET,49.477264105367496
2026-03-11 12:00:00,NQ,50.43147641979158
2026-03-11 13:00:00,6A,49.85680182278156
2026-03-11 13:00:00,CL,51.41012586802244
2026-03-11 13:00:00,ES,49.482598818838596
2026-03-11 13:00:00,MARKET,50.36378793333742
2026-03-11 13:00:00,NQ,48.25742906332016
2026-03-11 14:00:00,CL,48.1057247998459
2026-03-11 14:00:00,MARKET,49.9072306640125
2026-03-11 15:00:00,6A,49.452835865318775
2026-03-11 15:00:00,6E,51.05621435306966
2026-03-11 15:00:00,CL,51.652355417609215
2026-03-11 15:00:00,MARKET,49.900377090606426
2026-03-11 16:00:00,6E,60.329295948147774
2026-03-11 16:00:00,CL,48.26519327834249
2026-03-11 16:00:00,ES,50.97275225073099
2026-03-11 16:00:00,MARKET,49.71624979070233
2026-03-11 16:00:00,NQ,53.999181251972914
2026-03-11 17:00:00,CL,47.17971280068159
2026-03-11 17:00:00,ES,48.90564486384392
2026-03-11 17:00:00,MARKET,50.34786303032888
2026-03-11 17:00:00,NQ,49.96349486708641
2026-03-11 18:00:00,CL,52.99805386736989
2026-03-11 18:00:00,ES,49.34100162982941
2026-03-11 18:00:00,MARKET,49.501850484150715
2026-03-11 19:00:00,ES,49.572508454322815
2026-03-11 19:00:00,MARKET,49.38713996586475
2026-03-11 19:00:00,NQ,49.572508454322815
2026-03-11 20:00:00,CL,46.82943098247051
2026-03-11 20:00:00,GC,50.7613630220294
2026-03-11 20:00:00,MARKET,50.132202071583144
2026-03-11 20:00:00,NQ,51.73663714714348
2026-03-11 21:00:00,MARKET,50.11166461432973
2026-03-11 22:00:00,CL,51.342266261577606
2026-03-11 22:00:00,MARKET,46.00948752835393
2026-03-11 23:00:00,6E,49.13332761824131
2026-03-11 23:00:00,CL,44.46689032390714
2026-03-11 23:00:00,MARKET,49.385090878233314
2026-03-11 23:00:00,NQ,38.71308381855488
2026-03-12 01:00:00,MARKET,47.63439632952213
2026-03-12 02:00:00,CL,39.963287346065044
2026-03-12 03:00:00,MARKET,50.13509543146938
2026-03-12 04:00:00,GC,50.71688962727785
2026-03-12 04:00:00,MARKET,50.155510459444486
2026-03-12 05:00:00,MARKET,50.26083777059934
2026-03-12 05:00:00,NQ,49.685800302773714
2026-03-12 06:00:00,6A,48.33641470968723
2026-03-12 06:00:00,CL,49.36048882827163
2026-03-12 06:00:00,GC,50.51075929403305
2026-03-12 06:00:00,MARKET,50.14136800761609
2026-03-12 07:00:00,GC,50.67008429765701
2026-03-12 07:00:00,MARKET,50.33873264833043
2026-03-12 07:00:00,NQ,51.64530413597822
2026-03-12 08:00:00,6A,51.15233559906483
2026-03-12 08:00:00,GC,50.18475717306137
2026-03-12 08:00:00,MARKET,50.9920614422299
2026-03-12 09:00:00,6E,40.18540480732918
2026-03-12 09:00:00,CL,42.65363056212664
2026-03-12 09:00:00,MARKET,49.10545754859126
2026-03-12 10:00:00,6E,50.68923819810152
2026-03-12 10:00:00,GC,50.69607922248542
2026-03-12 10:00:00,MARKET,50.85958717749096
2026-03-12 11:00:00,CL,50.249063178896904
2026-03-12 11:00:00,MARKET,49.692804489929514
2026-03-12 11:00:00,NQ,50.66398583352566
2026-03-12 12:00:00,CL,52.085133319254965
2026-03-12 12:00:00,MARKET,49.51463375626398
2026-03-12 12:00:00,NQ,60.62664271146059
2026-03-12 13:00:00,CL,50.643347188830376
2026-03-12 13:00:00,ES,49.5664826259017
2026-03-12 13:00:00,MARKET,49.43915677774284
2026-03-12 13:00:00,NQ,49.68244147580117
2026-03-12 14:00:00,CL,48.49473770149052
2026-03-12 14:00:00,MARKET,49.76703833343218
2026-03-12 14:00:00,NQ,50.204780623316765
2026-03-12 15:00:00,6A,53.895172104239464
2026-03-12 15:00:00,6E,53.10240712016821
2026-03-12 15:00:00,CL,46.28938569128513
2026-03-12 15:00:00,MARKET,49.89846851527691
2026-03-12 15:00:00,NQ,49.06041231378913
2026-03-12 16:00:00,MARKET,49.78825609311461
2026-03-12 16:00:00,NQ,49.85353600978851
2026-03-12 17:00:00,ES,48.97512809187174
2026-03-12 17:00:00,MARKET,49.02851711337765
2026-03-12 18:00:00,6A,51.04042015969753
2026-03-12 18:00:00,CL,52.527920842170715
2026-03-12 18:00:00,MARKET,50.335332341982344
2026-03-12 18:00:00,NG,45.88616161048412
2026-03-12 18:00:00,NQ,51.04042015969753
2026-03-12 19:00:00,CL,42.677595295012
2026-03-12 19:00:00,ES,49.7431238591671
2026-03-12 19:00:00,MARKET,49.89822489236865
2026-03-12 19:00:00,NQ,44.68661992251873
2026-03-12 20:00:00,6A,41.982070960104465
2026-03-12 20:00:00,6E,47.88611280918121
2026-03-12 20:00:00,CL,39.13957020640373
2026-03-12 20:00:00,ES,50.04696977138519
2026-03-12 20:00:00,MARKET,49.719797303327
2026-03-12 21:00:00,MARKET,46.457661831751466
2026-03-12 22:00:00,MARKET,49.626280292868614
2026-03-12 23:00:00,CL,52.54742040485144
2026-03-12 23:00:00,MARKET,46.05959000007715
2026-03-12 23:00:00,NQ,51.11757593601942
2026-03-13 00:00:00,MARKET,48.35130549967289
2026-03-13 03:00:00,MARKET,51.06805750867352
2026-03-13 03:00:00,NQ,58.827912766486406
2026-03-13 04:00:00,MARKET,50.23985821123728
2026-03-13 05:00:00,GC,53.408989891409874
2026-03-13 05:00:00,MARKET,49.73440603958443
2026-03-13 06:00:00,CL,50.69698802754283
2026-03-13 06:00:00,MARKET,50.14724616310559
2026-03-13 07:00:00,CL,52.20289808511734
2026-03-13 07:00:00,MARKET,50.192630922953995
2026-03-13 08:00:00,MARKET,50.36836684914306
2026-03-13 09:00:00,CL,47.717175878584385
2026-03-13 09:00:00,MARKET,50.1311987170073
2026-03-13 09:00:00,NQ,56.06059438735247
2026-03-13 10:00:00,6E,48.06085926294327
2026-03-13 10:00:00,CL,39.188158601522446
2026-03-13 10:00:00,MARKET,49.885248865466565
2026-03-13 11:00:00,MARKET,50.365991161437705
2026-03-13 12:00:00,MARKET,49.692090467478224
2026-03-13 13:00:00,6A,39.098894998431206
2026-03-13 13:00:00,CL,52.915656857192516
2026-03-13 13:00:00,ES,49.49874985218048
2026-03-13 13:00:00,MARKET,49.94767679388381
2026-03-13 13:00:00,NQ,49.49874985218048
2026-03-13 14:00:00,CL,49.21276047825813
2026-03-13 14:00:00,MARKET,49.87866111707104
2026-03-13 15:00:00,CL,59.30973204225302
2026-03-13 15:00:00,MARKET,49.829140159544416
2026-03-13 15:00:00,NQ,45.453243374824524
2026-03-13 16:00:00,6E,51.08980056643486
2026-03-13 16:00:00,ES,51.739220321178436
2026-03-13 16:00:00,MARKET,49.10534613067284
2026-03-13 17:00:00,CL,59.80815000087023
2026-03-13 17:00:00,ES,47.70221579819918
2026-03-13 17:00:00,MARKET,48.422962744823764
2026-03-13 18:00:00,CL,53.51894794404507
2026-03-13 18:00:00,MARKET,50.10978357999453
2026-03-13 18:00:00,NG,46.04611033946276
2026-03-13 19:00:00,6A,49.530094996094704
2026-03-13 19:00:00,ES,49.02100724354386
2026-03-13 19:00:00,MARKET,50.31196549845239
2026-03-13 19:00:00,NQ,45.86805149912834
2026-03-13 20:00:00,ES,39.63671673089266
2026-03-13 20:00:00,MARKET,50.70769157937982
2026-03-13 21:00:00,MARKET,47.89479195838794
2026-03-13 22:00:00,CL,49.92965053021908
2026-03-13 22:00:00,MARKET,49.91271770027067
2026-03-13 23:00:00,6A,38.77936455607414
2026-03-13 23:00:00,CL,50.61533572897315
2026-03-13 23:00:00,MARKET,47.81519308802672
2026-03-14 00:00:00,MARKET,48.03074893608157
2026-03-14 02:00:00,CL,44.303976848721504
2026-03-14 03:00:00,MARKET,48.06511301547289
2026-03-14 04:00:00,MARKET,48.75826870712141
2026-03-14 07:00:00,MARKET,48.94640940862397
2026-03-14 08:00:00,MARKET,49.659766421536915
2026-03-14 13:00:00,MARKET,50.441322453940906
2026-03-14 14:00:00,6A,46.08758770674467
2026-03-14 14:00:00,MARKET,50.803981045028195
2026-03-14 15:00:00,CL,38.898336194455624
2026-03-14 15:00:00,MARKET,49.73244856670499
2026-03-14 16:00:00,MARKET,47.744957860559225
2026-03-14 17:00:00,MARKET,47.943283177912235
2026-03-14 18:00:00,MARKET,46.1942867282778
2026-03-14 19:00:00,CL,45.502256045117974
2026-03-14 19:00:00,MARKET,49.770768410526216
2026-03-14 19:00:00,NQ,42.650856018066406
2026-03-14 20:00:00,MARKET,46.83059196608762
2026-03-14 22:00:00,MARKET,47.80175833186755
2026-03-14 23:00:00,MARKET,49.40907979756594
2026-03-15 02:00:00,MARKET,48.717702683837466
2026-03-15 05:00:00,MARKET,50.07756032864563
2026-03-15 06:00:00,MARKET,50.16158152371645
2026-03-15 07:00:00,MARKET,50.19660957002392
2026-03-15 08:00:00,MARKET,50.617638824300634
